,Solucao,ActFun,NumHiden,C,Fmeasure
0,no_re,sigmoid,10,0.1,0.5374376039933444
1,no_re,sigmoid,10,0.2,0.4858569051580699
2,no_re,sigmoid,10,0.3,0.480865224625624
3,no_re,sigmoid,10,0.4,0.5690515806988353
4,no_re,sigmoid,10,0.5,0.540765391014975
5,no_re,sigmoid,10,0.6,0.5158069883527454
6,no_re,sigmoid,10,0.7,0.5574043261231281
7,no_re,sigmoid,10,0.8,0.49584026622296173
8,no_re,sigmoid,10,0.9,0.5091514143094842
9,no_re,sigmoid,20,0.1,0.49750415973377704
10,no_re,sigmoid,20,0.2,0.5058236272878536
11,no_re,sigmoid,20,0.3,0.5008319467554077
12,no_re,sigmoid,20,0.4,0.4891846921797005
13,no_re,sigmoid,20,0.5,0.4825291181364393
14,no_re,sigmoid,20,0.6,0.5058236272878536
15,no_re,sigmoid,20,0.7,0.5474209650582362
16,no_re,sigmoid,20,0.8,0.5424292845257903
17,no_re,sigmoid,20,0.9,0.5074875207986689
18,no_re,sigmoid,30,0.1,0.5124792013311148
19,no_re,sigmoid,30,0.2,0.5257903494176372
20,no_re,sigmoid,30,0.3,0.5391014975041597
21,no_re,sigmoid,30,0.4,0.5174708818635607
22,no_re,sigmoid,30,0.5,0.5041597337770383
23,no_re,sigmoid,30,0.6,0.49584026622296173
24,no_re,sigmoid,30,0.7,0.5507487520798668
25,no_re,sigmoid,30,0.8,0.4858569051580699
26,no_re,sigmoid,30,0.9,0.5058236272878536
27,no_re,sigmoid,40,0.1,0.5457570715474209
28,no_re,sigmoid,40,0.2,0.5008319467554077
29,no_re,sigmoid,40,0.3,0.5440931780366056
30,no_re,sigmoid,40,0.4,0.5274542429284526
31,no_re,sigmoid,40,0.5,0.5207986688851913
32,no_re,sigmoid,40,0.6,0.5457570715474209
33,no_re,sigmoid,40,0.7,0.5091514143094842
34,no_re,sigmoid,40,0.8,0.540765391014975
35,no_re,sigmoid,40,0.9,0.5374376039933444
36,no_re,sigmoid,50,0.1,0.49584026622296173
37,no_re,sigmoid,50,0.2,0.49916805324459235
38,no_re,sigmoid,50,0.3,0.5091514143094842
39,no_re,sigmoid,50,0.4,0.480865224625624
40,no_re,sigmoid,50,0.5,0.5590682196339434
41,no_re,sigmoid,50,0.6,0.5291181364392679
42,no_re,sigmoid,50,0.7,0.5008319467554077
43,no_re,sigmoid,50,0.8,0.49584026622296173
44,no_re,sigmoid,50,0.9,0.5391014975041597
45,no_re,sigmoid,100,0.1,0.5174708818635607
46,no_re,sigmoid,100,0.2,0.5391014975041597
47,no_re,sigmoid,100,0.3,0.49417637271214643
48,no_re,sigmoid,100,0.4,0.4925124792013311
49,no_re,sigmoid,100,0.5,0.46422628951747086
50,no_re,sigmoid,100,0.6,0.5207986688851913
51,no_re,sigmoid,100,0.7,0.49916805324459235
52,no_re,sigmoid,100,0.8,0.47420965058236275
53,no_re,sigmoid,100,0.9,0.4891846921797005
54,no_re,relu,10,0.1,0.4875207986688852
55,no_re,relu,10,0.2,0.47920133111480867
56,no_re,relu,10,0.3,0.480865224625624
57,no_re,relu,10,0.4,0.46422628951747086
58,no_re,relu,10,0.5,0.5041597337770383
59,no_re,relu,10,0.6,0.4475873544093178
60,no_re,relu,10,0.7,0.5274542429284526
61,no_re,relu,10,0.8,0.46422628951747086
62,no_re,relu,10,0.9,0.5424292845257903
63,no_re,relu,20,0.1,0.4875207986688852
64,no_re,relu,20,0.2,0.5074875207986689
65,no_re,relu,20,0.3,0.46422628951747086
66,no_re,relu,20,0.4,0.5324459234608985
67,no_re,relu,20,0.5,0.502495840266223
68,no_re,relu,20,0.6,0.47088186356073214
69,no_re,relu,20,0.7,0.4875207986688852
70,no_re,relu,20,0.8,0.47254575707154745
71,no_re,relu,20,0.9,0.5291181364392679
72,no_re,relu,30,0.1,0.5457570715474209
73,no_re,relu,30,0.2,0.5174708818635607
74,no_re,relu,30,0.3,0.5274542429284526
75,no_re,relu,30,0.4,0.5357737104825291
76,no_re,relu,30,0.5,0.5158069883527454
77,no_re,relu,30,0.6,0.5124792013311148
78,no_re,relu,30,0.7,0.5257903494176372
79,no_re,relu,30,0.8,0.540765391014975
80,no_re,relu,30,0.9,0.5424292845257903
81,no_re,relu,40,0.1,0.5440931780366056
82,no_re,relu,40,0.2,0.4841930116472546
83,no_re,relu,40,0.3,0.49584026622296173
84,no_re,relu,40,0.4,0.5474209650582362
85,no_re,relu,40,0.5,0.49916805324459235
86,no_re,relu,40,0.6,0.5341098169717138
87,no_re,relu,40,0.7,0.4925124792013311
88,no_re,relu,40,0.8,0.519134775374376
89,no_re,relu,40,0.9,0.4858569051580699
90,no_re,relu,50,0.1,0.5074875207986689
91,no_re,relu,50,0.2,0.5158069883527454
92,no_re,relu,50,0.3,0.5141430948419301
93,no_re,relu,50,0.4,0.519134775374376
94,no_re,relu,50,0.5,0.519134775374376
95,no_re,relu,50,0.6,0.49584026622296173
96,no_re,relu,50,0.7,0.5274542429284526
97,no_re,relu,50,0.8,0.46089850249584025
98,no_re,relu,50,0.9,0.5241264559068219
99,no_re,relu,100,0.1,0.5174708818635607
100,no_re,relu,100,0.2,0.4908485856905158
101,no_re,relu,100,0.3,0.540765391014975
102,no_re,relu,100,0.4,0.5224625623960066
103,no_re,relu,100,0.5,0.5141430948419301
104,no_re,relu,100,0.6,0.5307820299500832
105,no_re,relu,100,0.7,0.519134775374376
106,no_re,relu,100,0.8,0.5274542429284526
107,no_re,relu,100,0.9,0.5574043261231281
108,no_re,sin,10,0.1,0.5207986688851913
109,no_re,sin,10,0.2,0.5490848585690515
110,no_re,sin,10,0.3,0.5291181364392679
111,no_re,sin,10,0.4,0.46755407653910147
112,no_re,sin,10,0.5,0.46755407653910147
113,no_re,sin,10,0.6,0.5241264559068219
114,no_re,sin,10,0.7,0.5357737104825291
115,no_re,sin,10,0.8,0.5291181364392679
116,no_re,sin,10,0.9,0.5091514143094842
117,no_re,sin,20,0.1,0.5241264559068219
118,no_re,sin,20,0.2,0.5374376039933444
119,no_re,sin,20,0.3,0.5074875207986689
120,no_re,sin,20,0.4,0.4908485856905158
121,no_re,sin,20,0.5,0.5091514143094842
122,no_re,sin,20,0.6,0.5574043261231281
123,no_re,sin,20,0.7,0.5074875207986689
124,no_re,sin,20,0.8,0.5307820299500832
125,no_re,sin,20,0.9,0.5074875207986689
126,no_re,sin,30,0.1,0.502495840266223
127,no_re,sin,30,0.2,0.4925124792013311
128,no_re,sin,30,0.3,0.5058236272878536
129,no_re,sin,30,0.4,0.4875207986688852
130,no_re,sin,30,0.5,0.49916805324459235
131,no_re,sin,30,0.6,0.5257903494176372
132,no_re,sin,30,0.7,0.5141430948419301
133,no_re,sin,30,0.8,0.4908485856905158
134,no_re,sin,30,0.9,0.5074875207986689
135,no_re,sin,40,0.1,0.49750415973377704
136,no_re,sin,40,0.2,0.5241264559068219
137,no_re,sin,40,0.3,0.5241264559068219
138,no_re,sin,40,0.4,0.5391014975041597
139,no_re,sin,40,0.5,0.49750415973377704
140,no_re,sin,40,0.6,0.49417637271214643
141,no_re,sin,40,0.7,0.502495840266223
142,no_re,sin,40,0.8,0.5374376039933444
143,no_re,sin,40,0.9,0.5457570715474209
144,no_re,sin,50,0.1,0.5207986688851913
145,no_re,sin,50,0.2,0.4825291181364393
146,no_re,sin,50,0.3,0.5490848585690515
147,no_re,sin,50,0.4,0.5590682196339434
148,no_re,sin,50,0.5,0.56738768718802
149,no_re,sin,50,0.6,0.49417637271214643
150,no_re,sin,50,0.7,0.49584026622296173
151,no_re,sin,50,0.8,0.5257903494176372
152,no_re,sin,50,0.9,0.5257903494176372
153,no_re,sin,100,0.1,0.5241264559068219
154,no_re,sin,100,0.2,0.49750415973377704
155,no_re,sin,100,0.3,0.5041597337770383
156,no_re,sin,100,0.4,0.5091514143094842
157,no_re,sin,100,0.5,0.5174708818635607
158,no_re,sin,100,0.6,0.47254575707154745
159,no_re,sin,100,0.7,0.5307820299500832
160,no_re,sin,100,0.8,0.47920133111480867
161,no_re,sin,100,0.9,0.47920133111480867
162,no_re,tanh,10,0.1,0.47420965058236275
163,no_re,tanh,10,0.2,0.4825291181364393
164,no_re,tanh,10,0.3,0.5391014975041597
165,no_re,tanh,10,0.4,0.5307820299500832
166,no_re,tanh,10,0.5,0.5307820299500832
167,no_re,tanh,10,0.6,0.5257903494176372
168,no_re,tanh,10,0.7,0.47088186356073214
169,no_re,tanh,10,0.8,0.5274542429284526
170,no_re,tanh,10,0.9,0.5174708818635607
171,no_re,tanh,20,0.1,0.5457570715474209
172,no_re,tanh,20,0.2,0.4891846921797005
173,no_re,tanh,20,0.3,0.49750415973377704
174,no_re,tanh,20,0.4,0.5074875207986689
175,no_re,tanh,20,0.5,0.5158069883527454
176,no_re,tanh,20,0.6,0.5391014975041597
177,no_re,tanh,20,0.7,0.4858569051580699
178,no_re,tanh,20,0.8,0.5341098169717138
179,no_re,tanh,20,0.9,0.5174708818635607
180,no_re,tanh,30,0.1,0.5324459234608985
181,no_re,tanh,30,0.2,0.5440931780366056
182,no_re,tanh,30,0.3,0.5241264559068219
183,no_re,tanh,30,0.4,0.5207986688851913
184,no_re,tanh,30,0.5,0.5490848585690515
185,no_re,tanh,30,0.6,0.5474209650582362
186,no_re,tanh,30,0.7,0.4858569051580699
187,no_re,tanh,30,0.8,0.4925124792013311
188,no_re,tanh,30,0.9,0.49916805324459235
189,no_re,tanh,40,0.1,0.5507487520798668
190,no_re,tanh,40,0.2,0.540765391014975
191,no_re,tanh,40,0.3,0.4925124792013311
192,no_re,tanh,40,0.4,0.49916805324459235
193,no_re,tanh,40,0.5,0.5324459234608985
194,no_re,tanh,40,0.6,0.5124792013311148
195,no_re,tanh,40,0.7,0.4908485856905158
196,no_re,tanh,40,0.8,0.5041597337770383
197,no_re,tanh,40,0.9,0.5440931780366056
198,no_re,tanh,50,0.1,0.5457570715474209
199,no_re,tanh,50,0.2,0.5008319467554077
200,no_re,tanh,50,0.3,0.49750415973377704
201,no_re,tanh,50,0.4,0.5008319467554077
202,no_re,tanh,50,0.5,0.5174708818635607
203,no_re,tanh,50,0.6,0.5224625623960066
204,no_re,tanh,50,0.7,0.5424292845257903
205,no_re,tanh,50,0.8,0.5224625623960066
206,no_re,tanh,50,0.9,0.4925124792013311
207,no_re,tanh,100,0.1,0.4925124792013311
208,no_re,tanh,100,0.2,0.5274542429284526
209,no_re,tanh,100,0.3,0.540765391014975
210,no_re,tanh,100,0.4,0.519134775374376
211,no_re,tanh,100,0.5,0.5291181364392679
212,no_re,tanh,100,0.6,0.4875207986688852
213,no_re,tanh,100,0.7,0.5440931780366056
214,no_re,tanh,100,0.8,0.5241264559068219
215,no_re,tanh,100,0.9,0.5424292845257903
216,no_re,leaky_relu,10,0.1,0.5424292845257903
217,no_re,leaky_relu,10,0.2,0.49916805324459235
218,no_re,leaky_relu,10,0.3,0.5174708818635607
219,no_re,leaky_relu,10,0.4,0.5374376039933444
220,no_re,leaky_relu,10,0.5,0.5457570715474209
221,no_re,leaky_relu,10,0.6,0.47420965058236275
222,no_re,leaky_relu,10,0.7,0.5574043261231281
223,no_re,leaky_relu,10,0.8,0.4825291181364393
224,no_re,leaky_relu,10,0.9,0.47753743760399336
225,no_re,leaky_relu,20,0.1,0.49750415973377704
226,no_re,leaky_relu,20,0.2,0.4825291181364393
227,no_re,leaky_relu,20,0.3,0.5324459234608985
228,no_re,leaky_relu,20,0.4,0.5540765391014975
229,no_re,leaky_relu,20,0.5,0.5291181364392679
230,no_re,leaky_relu,20,0.6,0.49417637271214643
231,no_re,leaky_relu,20,0.7,0.4858569051580699
232,no_re,leaky_relu,20,0.8,0.5357737104825291
233,no_re,leaky_relu,20,0.9,0.5307820299500832
234,no_re,leaky_relu,30,0.1,0.519134775374376
235,no_re,leaky_relu,30,0.2,0.47920133111480867
236,no_re,leaky_relu,30,0.3,0.47088186356073214
237,no_re,leaky_relu,30,0.4,0.480865224625624
238,no_re,leaky_relu,30,0.5,0.5274542429284526
239,no_re,leaky_relu,30,0.6,0.5391014975041597
240,no_re,leaky_relu,30,0.7,0.5124792013311148
241,no_re,leaky_relu,30,0.8,0.540765391014975
242,no_re,leaky_relu,30,0.9,0.5058236272878536
243,no_re,leaky_relu,40,0.1,0.4875207986688852
244,no_re,leaky_relu,40,0.2,0.5440931780366056
245,no_re,leaky_relu,40,0.3,0.5324459234608985
246,no_re,leaky_relu,40,0.4,0.4925124792013311
247,no_re,leaky_relu,40,0.5,0.4925124792013311
248,no_re,leaky_relu,40,0.6,0.5341098169717138
249,no_re,leaky_relu,40,0.7,0.5091514143094842
250,no_re,leaky_relu,40,0.8,0.49750415973377704
251,no_re,leaky_relu,40,0.9,0.5474209650582362
252,no_re,leaky_relu,50,0.1,0.5108153078202995
253,no_re,leaky_relu,50,0.2,0.4925124792013311
254,no_re,leaky_relu,50,0.3,0.5357737104825291
255,no_re,leaky_relu,50,0.4,0.480865224625624
256,no_re,leaky_relu,50,0.5,0.5241264559068219
257,no_re,leaky_relu,50,0.6,0.47920133111480867
258,no_re,leaky_relu,50,0.7,0.49916805324459235
259,no_re,leaky_relu,50,0.8,0.5341098169717138
260,no_re,leaky_relu,50,0.9,0.46921797004991683
261,no_re,leaky_relu,100,0.1,0.5391014975041597
262,no_re,leaky_relu,100,0.2,0.5357737104825291
263,no_re,leaky_relu,100,0.3,0.4875207986688852
264,no_re,leaky_relu,100,0.4,0.49750415973377704
265,no_re,leaky_relu,100,0.5,0.5091514143094842
266,no_re,leaky_relu,100,0.6,0.49584026622296173
267,no_re,leaky_relu,100,0.7,0.5590682196339434
268,no_re,leaky_relu,100,0.8,0.5457570715474209
269,no_re,leaky_relu,100,0.9,0.5041597337770383
270,solution1,sigmoid,10,0.1,0.480865224625624
271,solution1,sigmoid,10,0.2,0.480865224625624
272,solution1,sigmoid,10,0.3,0.480865224625624
273,solution1,sigmoid,10,0.4,0.480865224625624
274,solution1,sigmoid,10,0.5,0.480865224625624
275,solution1,sigmoid,10,0.6,0.480865224625624
276,solution1,sigmoid,10,0.7,0.480865224625624
277,solution1,sigmoid,10,0.8,0.480865224625624
278,solution1,sigmoid,10,0.9,0.480865224625624
279,solution1,sigmoid,20,0.1,0.480865224625624
280,solution1,sigmoid,20,0.2,0.480865224625624
281,solution1,sigmoid,20,0.3,0.480865224625624
282,solution1,sigmoid,20,0.4,0.480865224625624
283,solution1,sigmoid,20,0.5,0.480865224625624
284,solution1,sigmoid,20,0.6,0.480865224625624
285,solution1,sigmoid,20,0.7,0.480865224625624
286,solution1,sigmoid,20,0.8,0.480865224625624
287,solution1,sigmoid,20,0.9,0.480865224625624
288,solution1,sigmoid,30,0.1,0.480865224625624
289,solution1,sigmoid,30,0.2,0.480865224625624
290,solution1,sigmoid,30,0.3,0.480865224625624
291,solution1,sigmoid,30,0.4,0.480865224625624
292,solution1,sigmoid,30,0.5,0.480865224625624
293,solution1,sigmoid,30,0.6,0.480865224625624
294,solution1,sigmoid,30,0.7,0.480865224625624
295,solution1,sigmoid,30,0.8,0.480865224625624
296,solution1,sigmoid,30,0.9,0.480865224625624
297,solution1,sigmoid,40,0.1,0.480865224625624
298,solution1,sigmoid,40,0.2,0.480865224625624
299,solution1,sigmoid,40,0.3,0.480865224625624
300,solution1,sigmoid,40,0.4,0.480865224625624
301,solution1,sigmoid,40,0.5,0.480865224625624
302,solution1,sigmoid,40,0.6,0.480865224625624
303,solution1,sigmoid,40,0.7,0.480865224625624
304,solution1,sigmoid,40,0.8,0.480865224625624
305,solution1,sigmoid,40,0.9,0.480865224625624
306,solution1,sigmoid,50,0.1,0.480865224625624
307,solution1,sigmoid,50,0.2,0.480865224625624
308,solution1,sigmoid,50,0.3,0.480865224625624
309,solution1,sigmoid,50,0.4,0.480865224625624
310,solution1,sigmoid,50,0.5,0.480865224625624
311,solution1,sigmoid,50,0.6,0.480865224625624
312,solution1,sigmoid,50,0.7,0.480865224625624
313,solution1,sigmoid,50,0.8,0.480865224625624
314,solution1,sigmoid,50,0.9,0.480865224625624
315,solution1,sigmoid,100,0.1,0.480865224625624
316,solution1,sigmoid,100,0.2,0.480865224625624
317,solution1,sigmoid,100,0.3,0.480865224625624
318,solution1,sigmoid,100,0.4,0.480865224625624
319,solution1,sigmoid,100,0.5,0.480865224625624
320,solution1,sigmoid,100,0.6,0.480865224625624
321,solution1,sigmoid,100,0.7,0.480865224625624
322,solution1,sigmoid,100,0.8,0.480865224625624
323,solution1,sigmoid,100,0.9,0.480865224625624
324,solution1,relu,10,0.1,0.480865224625624
325,solution1,relu,10,0.2,0.480865224625624
326,solution1,relu,10,0.3,0.480865224625624
327,solution1,relu,10,0.4,0.480865224625624
328,solution1,relu,10,0.5,0.480865224625624
329,solution1,relu,10,0.6,0.480865224625624
330,solution1,relu,10,0.7,0.480865224625624
331,solution1,relu,10,0.8,0.480865224625624
332,solution1,relu,10,0.9,0.480865224625624
333,solution1,relu,20,0.1,0.480865224625624
334,solution1,relu,20,0.2,0.480865224625624
335,solution1,relu,20,0.3,0.480865224625624
336,solution1,relu,20,0.4,0.480865224625624
337,solution1,relu,20,0.5,0.480865224625624
338,solution1,relu,20,0.6,0.480865224625624
339,solution1,relu,20,0.7,0.480865224625624
340,solution1,relu,20,0.8,0.480865224625624
341,solution1,relu,20,0.9,0.480865224625624
342,solution1,relu,30,0.1,0.480865224625624
343,solution1,relu,30,0.2,0.480865224625624
344,solution1,relu,30,0.3,0.480865224625624
345,solution1,relu,30,0.4,0.480865224625624
346,solution1,relu,30,0.5,0.480865224625624
347,solution1,relu,30,0.6,0.480865224625624
348,solution1,relu,30,0.7,0.480865224625624
349,solution1,relu,30,0.8,0.480865224625624
350,solution1,relu,30,0.9,0.480865224625624
351,solution1,relu,40,0.1,0.480865224625624
352,solution1,relu,40,0.2,0.480865224625624
353,solution1,relu,40,0.3,0.480865224625624
354,solution1,relu,40,0.4,0.480865224625624
355,solution1,relu,40,0.5,0.480865224625624
356,solution1,relu,40,0.6,0.480865224625624
357,solution1,relu,40,0.7,0.480865224625624
358,solution1,relu,40,0.8,0.480865224625624
359,solution1,relu,40,0.9,0.480865224625624
360,solution1,relu,50,0.1,0.480865224625624
361,solution1,relu,50,0.2,0.480865224625624
362,solution1,relu,50,0.3,0.480865224625624
363,solution1,relu,50,0.4,0.480865224625624
364,solution1,relu,50,0.5,0.480865224625624
365,solution1,relu,50,0.6,0.480865224625624
366,solution1,relu,50,0.7,0.480865224625624
367,solution1,relu,50,0.8,0.480865224625624
368,solution1,relu,50,0.9,0.480865224625624
369,solution1,relu,100,0.1,0.480865224625624
370,solution1,relu,100,0.2,0.480865224625624
371,solution1,relu,100,0.3,0.480865224625624
372,solution1,relu,100,0.4,0.480865224625624
373,solution1,relu,100,0.5,0.480865224625624
374,solution1,relu,100,0.6,0.480865224625624
375,solution1,relu,100,0.7,0.480865224625624
376,solution1,relu,100,0.8,0.480865224625624
377,solution1,relu,100,0.9,0.480865224625624
378,solution1,sin,10,0.1,0.480865224625624
379,solution1,sin,10,0.2,0.480865224625624
380,solution1,sin,10,0.3,0.480865224625624
381,solution1,sin,10,0.4,0.480865224625624
382,solution1,sin,10,0.5,0.480865224625624
383,solution1,sin,10,0.6,0.480865224625624
384,solution1,sin,10,0.7,0.480865224625624
385,solution1,sin,10,0.8,0.480865224625624
386,solution1,sin,10,0.9,0.480865224625624
387,solution1,sin,20,0.1,0.480865224625624
388,solution1,sin,20,0.2,0.480865224625624
389,solution1,sin,20,0.3,0.480865224625624
390,solution1,sin,20,0.4,0.480865224625624
391,solution1,sin,20,0.5,0.480865224625624
392,solution1,sin,20,0.6,0.480865224625624
393,solution1,sin,20,0.7,0.480865224625624
394,solution1,sin,20,0.8,0.480865224625624
395,solution1,sin,20,0.9,0.480865224625624
396,solution1,sin,30,0.1,0.480865224625624
397,solution1,sin,30,0.2,0.480865224625624
398,solution1,sin,30,0.3,0.480865224625624
399,solution1,sin,30,0.4,0.480865224625624
400,solution1,sin,30,0.5,0.480865224625624
401,solution1,sin,30,0.6,0.480865224625624
402,solution1,sin,30,0.7,0.480865224625624
403,solution1,sin,30,0.8,0.480865224625624
404,solution1,sin,30,0.9,0.480865224625624
405,solution1,sin,40,0.1,0.480865224625624
406,solution1,sin,40,0.2,0.480865224625624
407,solution1,sin,40,0.3,0.480865224625624
408,solution1,sin,40,0.4,0.480865224625624
409,solution1,sin,40,0.5,0.480865224625624
410,solution1,sin,40,0.6,0.480865224625624
411,solution1,sin,40,0.7,0.480865224625624
412,solution1,sin,40,0.8,0.480865224625624
413,solution1,sin,40,0.9,0.480865224625624
414,solution1,sin,50,0.1,0.480865224625624
415,solution1,sin,50,0.2,0.480865224625624
416,solution1,sin,50,0.3,0.480865224625624
417,solution1,sin,50,0.4,0.480865224625624
418,solution1,sin,50,0.5,0.480865224625624
419,solution1,sin,50,0.6,0.480865224625624
420,solution1,sin,50,0.7,0.480865224625624
421,solution1,sin,50,0.8,0.480865224625624
422,solution1,sin,50,0.9,0.480865224625624
423,solution1,sin,100,0.1,0.480865224625624
424,solution1,sin,100,0.2,0.480865224625624
425,solution1,sin,100,0.3,0.480865224625624
426,solution1,sin,100,0.4,0.480865224625624
427,solution1,sin,100,0.5,0.480865224625624
428,solution1,sin,100,0.6,0.480865224625624
429,solution1,sin,100,0.7,0.480865224625624
430,solution1,sin,100,0.8,0.480865224625624
431,solution1,sin,100,0.9,0.480865224625624
432,solution1,tanh,10,0.1,0.480865224625624
433,solution1,tanh,10,0.2,0.480865224625624
434,solution1,tanh,10,0.3,0.480865224625624
435,solution1,tanh,10,0.4,0.480865224625624
436,solution1,tanh,10,0.5,0.480865224625624
437,solution1,tanh,10,0.6,0.480865224625624
438,solution1,tanh,10,0.7,0.480865224625624
439,solution1,tanh,10,0.8,0.480865224625624
440,solution1,tanh,10,0.9,0.480865224625624
441,solution1,tanh,20,0.1,0.480865224625624
442,solution1,tanh,20,0.2,0.480865224625624
443,solution1,tanh,20,0.3,0.480865224625624
444,solution1,tanh,20,0.4,0.480865224625624
445,solution1,tanh,20,0.5,0.480865224625624
446,solution1,tanh,20,0.6,0.480865224625624
447,solution1,tanh,20,0.7,0.480865224625624
448,solution1,tanh,20,0.8,0.480865224625624
449,solution1,tanh,20,0.9,0.480865224625624
450,solution1,tanh,30,0.1,0.480865224625624
451,solution1,tanh,30,0.2,0.480865224625624
452,solution1,tanh,30,0.3,0.480865224625624
453,solution1,tanh,30,0.4,0.480865224625624
454,solution1,tanh,30,0.5,0.480865224625624
455,solution1,tanh,30,0.6,0.480865224625624
456,solution1,tanh,30,0.7,0.480865224625624
457,solution1,tanh,30,0.8,0.480865224625624
458,solution1,tanh,30,0.9,0.480865224625624
459,solution1,tanh,40,0.1,0.480865224625624
460,solution1,tanh,40,0.2,0.480865224625624
461,solution1,tanh,40,0.3,0.480865224625624
462,solution1,tanh,40,0.4,0.480865224625624
463,solution1,tanh,40,0.5,0.480865224625624
464,solution1,tanh,40,0.6,0.480865224625624
465,solution1,tanh,40,0.7,0.480865224625624
466,solution1,tanh,40,0.8,0.480865224625624
467,solution1,tanh,40,0.9,0.480865224625624
468,solution1,tanh,50,0.1,0.480865224625624
469,solution1,tanh,50,0.2,0.480865224625624
470,solution1,tanh,50,0.3,0.480865224625624
471,solution1,tanh,50,0.4,0.480865224625624
472,solution1,tanh,50,0.5,0.480865224625624
473,solution1,tanh,50,0.6,0.480865224625624
474,solution1,tanh,50,0.7,0.480865224625624
475,solution1,tanh,50,0.8,0.480865224625624
476,solution1,tanh,50,0.9,0.480865224625624
477,solution1,tanh,100,0.1,0.480865224625624
478,solution1,tanh,100,0.2,0.480865224625624
479,solution1,tanh,100,0.3,0.480865224625624
480,solution1,tanh,100,0.4,0.480865224625624
481,solution1,tanh,100,0.5,0.480865224625624
482,solution1,tanh,100,0.6,0.480865224625624
483,solution1,tanh,100,0.7,0.480865224625624
484,solution1,tanh,100,0.8,0.480865224625624
485,solution1,tanh,100,0.9,0.480865224625624
486,solution1,leaky_relu,10,0.1,0.480865224625624
487,solution1,leaky_relu,10,0.2,0.480865224625624
488,solution1,leaky_relu,10,0.3,0.480865224625624
489,solution1,leaky_relu,10,0.4,0.480865224625624
490,solution1,leaky_relu,10,0.5,0.480865224625624
491,solution1,leaky_relu,10,0.6,0.480865224625624
492,solution1,leaky_relu,10,0.7,0.480865224625624
493,solution1,leaky_relu,10,0.8,0.480865224625624
494,solution1,leaky_relu,10,0.9,0.480865224625624
495,solution1,leaky_relu,20,0.1,0.480865224625624
496,solution1,leaky_relu,20,0.2,0.480865224625624
497,solution1,leaky_relu,20,0.3,0.480865224625624
498,solution1,leaky_relu,20,0.4,0.480865224625624
499,solution1,leaky_relu,20,0.5,0.480865224625624
500,solution1,leaky_relu,20,0.6,0.480865224625624
501,solution1,leaky_relu,20,0.7,0.480865224625624
502,solution1,leaky_relu,20,0.8,0.480865224625624
503,solution1,leaky_relu,20,0.9,0.480865224625624
504,solution1,leaky_relu,30,0.1,0.480865224625624
505,solution1,leaky_relu,30,0.2,0.480865224625624
506,solution1,leaky_relu,30,0.3,0.480865224625624
507,solution1,leaky_relu,30,0.4,0.480865224625624
508,solution1,leaky_relu,30,0.5,0.480865224625624
509,solution1,leaky_relu,30,0.6,0.480865224625624
510,solution1,leaky_relu,30,0.7,0.480865224625624
511,solution1,leaky_relu,30,0.8,0.480865224625624
512,solution1,leaky_relu,30,0.9,0.480865224625624
513,solution1,leaky_relu,40,0.1,0.480865224625624
514,solution1,leaky_relu,40,0.2,0.480865224625624
515,solution1,leaky_relu,40,0.3,0.480865224625624
516,solution1,leaky_relu,40,0.4,0.480865224625624
517,solution1,leaky_relu,40,0.5,0.480865224625624
518,solution1,leaky_relu,40,0.6,0.480865224625624
519,solution1,leaky_relu,40,0.7,0.480865224625624
520,solution1,leaky_relu,40,0.8,0.480865224625624
521,solution1,leaky_relu,40,0.9,0.480865224625624
522,solution1,leaky_relu,50,0.1,0.480865224625624
523,solution1,leaky_relu,50,0.2,0.480865224625624
524,solution1,leaky_relu,50,0.3,0.480865224625624
525,solution1,leaky_relu,50,0.4,0.480865224625624
526,solution1,leaky_relu,50,0.5,0.480865224625624
527,solution1,leaky_relu,50,0.6,0.480865224625624
528,solution1,leaky_relu,50,0.7,0.480865224625624
529,solution1,leaky_relu,50,0.8,0.480865224625624
530,solution1,leaky_relu,50,0.9,0.480865224625624
531,solution1,leaky_relu,100,0.1,0.480865224625624
532,solution1,leaky_relu,100,0.2,0.480865224625624
533,solution1,leaky_relu,100,0.3,0.480865224625624
534,solution1,leaky_relu,100,0.4,0.480865224625624
535,solution1,leaky_relu,100,0.5,0.480865224625624
536,solution1,leaky_relu,100,0.6,0.480865224625624
537,solution1,leaky_relu,100,0.7,0.480865224625624
538,solution1,leaky_relu,100,0.8,0.480865224625624
539,solution1,leaky_relu,100,0.9,0.480865224625624
540,solution2,sigmoid,10,0.1,0.480865224625624
541,solution2,sigmoid,10,0.2,0.480865224625624
542,solution2,sigmoid,10,0.3,0.480865224625624
543,solution2,sigmoid,10,0.4,0.480865224625624
544,solution2,sigmoid,10,0.5,0.480865224625624
545,solution2,sigmoid,10,0.6,0.480865224625624
546,solution2,sigmoid,10,0.7,0.480865224625624
547,solution2,sigmoid,10,0.8,0.480865224625624
548,solution2,sigmoid,10,0.9,0.480865224625624
549,solution2,sigmoid,20,0.1,0.480865224625624
550,solution2,sigmoid,20,0.2,0.480865224625624
551,solution2,sigmoid,20,0.3,0.480865224625624
552,solution2,sigmoid,20,0.4,0.480865224625624
553,solution2,sigmoid,20,0.5,0.480865224625624
554,solution2,sigmoid,20,0.6,0.480865224625624
555,solution2,sigmoid,20,0.7,0.480865224625624
556,solution2,sigmoid,20,0.8,0.480865224625624
557,solution2,sigmoid,20,0.9,0.480865224625624
558,solution2,sigmoid,30,0.1,0.480865224625624
559,solution2,sigmoid,30,0.2,0.480865224625624
560,solution2,sigmoid,30,0.3,0.480865224625624
561,solution2,sigmoid,30,0.4,0.480865224625624
562,solution2,sigmoid,30,0.5,0.480865224625624
563,solution2,sigmoid,30,0.6,0.480865224625624
564,solution2,sigmoid,30,0.7,0.480865224625624
565,solution2,sigmoid,30,0.8,0.480865224625624
566,solution2,sigmoid,30,0.9,0.480865224625624
567,solution2,sigmoid,40,0.1,0.480865224625624
568,solution2,sigmoid,40,0.2,0.480865224625624
569,solution2,sigmoid,40,0.3,0.480865224625624
570,solution2,sigmoid,40,0.4,0.480865224625624
571,solution2,sigmoid,40,0.5,0.480865224625624
572,solution2,sigmoid,40,0.6,0.480865224625624
573,solution2,sigmoid,40,0.7,0.480865224625624
574,solution2,sigmoid,40,0.8,0.480865224625624
575,solution2,sigmoid,40,0.9,0.480865224625624
576,solution2,sigmoid,50,0.1,0.480865224625624
577,solution2,sigmoid,50,0.2,0.480865224625624
578,solution2,sigmoid,50,0.3,0.480865224625624
579,solution2,sigmoid,50,0.4,0.480865224625624
580,solution2,sigmoid,50,0.5,0.480865224625624
581,solution2,sigmoid,50,0.6,0.480865224625624
582,solution2,sigmoid,50,0.7,0.480865224625624
583,solution2,sigmoid,50,0.8,0.480865224625624
584,solution2,sigmoid,50,0.9,0.480865224625624
585,solution2,sigmoid,100,0.1,0.480865224625624
586,solution2,sigmoid,100,0.2,0.480865224625624
587,solution2,sigmoid,100,0.3,0.480865224625624
588,solution2,sigmoid,100,0.4,0.480865224625624
589,solution2,sigmoid,100,0.5,0.480865224625624
590,solution2,sigmoid,100,0.6,0.480865224625624
591,solution2,sigmoid,100,0.7,0.480865224625624
592,solution2,sigmoid,100,0.8,0.480865224625624
593,solution2,sigmoid,100,0.9,0.480865224625624
594,solution2,relu,10,0.1,0.480865224625624
595,solution2,relu,10,0.2,0.480865224625624
596,solution2,relu,10,0.3,0.480865224625624
597,solution2,relu,10,0.4,0.480865224625624
598,solution2,relu,10,0.5,0.480865224625624
599,solution2,relu,10,0.6,0.480865224625624
600,solution2,relu,10,0.7,0.480865224625624
601,solution2,relu,10,0.8,0.480865224625624
602,solution2,relu,10,0.9,0.480865224625624
603,solution2,relu,20,0.1,0.480865224625624
604,solution2,relu,20,0.2,0.480865224625624
605,solution2,relu,20,0.3,0.480865224625624
606,solution2,relu,20,0.4,0.480865224625624
607,solution2,relu,20,0.5,0.480865224625624
608,solution2,relu,20,0.6,0.480865224625624
609,solution2,relu,20,0.7,0.480865224625624
610,solution2,relu,20,0.8,0.480865224625624
611,solution2,relu,20,0.9,0.480865224625624
612,solution2,relu,30,0.1,0.480865224625624
613,solution2,relu,30,0.2,0.480865224625624
614,solution2,relu,30,0.3,0.480865224625624
615,solution2,relu,30,0.4,0.480865224625624
616,solution2,relu,30,0.5,0.480865224625624
617,solution2,relu,30,0.6,0.480865224625624
618,solution2,relu,30,0.7,0.480865224625624
619,solution2,relu,30,0.8,0.480865224625624
620,solution2,relu,30,0.9,0.480865224625624
621,solution2,relu,40,0.1,0.480865224625624
622,solution2,relu,40,0.2,0.480865224625624
623,solution2,relu,40,0.3,0.480865224625624
624,solution2,relu,40,0.4,0.480865224625624
625,solution2,relu,40,0.5,0.480865224625624
626,solution2,relu,40,0.6,0.480865224625624
627,solution2,relu,40,0.7,0.480865224625624
628,solution2,relu,40,0.8,0.480865224625624
629,solution2,relu,40,0.9,0.480865224625624
630,solution2,relu,50,0.1,0.480865224625624
631,solution2,relu,50,0.2,0.480865224625624
632,solution2,relu,50,0.3,0.480865224625624
633,solution2,relu,50,0.4,0.480865224625624
634,solution2,relu,50,0.5,0.480865224625624
635,solution2,relu,50,0.6,0.480865224625624
636,solution2,relu,50,0.7,0.480865224625624
637,solution2,relu,50,0.8,0.480865224625624
638,solution2,relu,50,0.9,0.480865224625624
639,solution2,relu,100,0.1,0.480865224625624
640,solution2,relu,100,0.2,0.480865224625624
641,solution2,relu,100,0.3,0.480865224625624
642,solution2,relu,100,0.4,0.480865224625624
643,solution2,relu,100,0.5,0.480865224625624
644,solution2,relu,100,0.6,0.480865224625624
645,solution2,relu,100,0.7,0.480865224625624
646,solution2,relu,100,0.8,0.480865224625624
647,solution2,relu,100,0.9,0.480865224625624
648,solution2,sin,10,0.1,0.480865224625624
649,solution2,sin,10,0.2,0.480865224625624
650,solution2,sin,10,0.3,0.480865224625624
651,solution2,sin,10,0.4,0.480865224625624
652,solution2,sin,10,0.5,0.480865224625624
653,solution2,sin,10,0.6,0.480865224625624
654,solution2,sin,10,0.7,0.480865224625624
655,solution2,sin,10,0.8,0.480865224625624
656,solution2,sin,10,0.9,0.480865224625624
657,solution2,sin,20,0.1,0.480865224625624
658,solution2,sin,20,0.2,0.480865224625624
659,solution2,sin,20,0.3,0.480865224625624
660,solution2,sin,20,0.4,0.480865224625624
661,solution2,sin,20,0.5,0.480865224625624
662,solution2,sin,20,0.6,0.480865224625624
663,solution2,sin,20,0.7,0.480865224625624
664,solution2,sin,20,0.8,0.480865224625624
665,solution2,sin,20,0.9,0.480865224625624
666,solution2,sin,30,0.1,0.480865224625624
667,solution2,sin,30,0.2,0.480865224625624
668,solution2,sin,30,0.3,0.480865224625624
669,solution2,sin,30,0.4,0.480865224625624
670,solution2,sin,30,0.5,0.480865224625624
671,solution2,sin,30,0.6,0.480865224625624
672,solution2,sin,30,0.7,0.480865224625624
673,solution2,sin,30,0.8,0.480865224625624
674,solution2,sin,30,0.9,0.480865224625624
675,solution2,sin,40,0.1,0.480865224625624
676,solution2,sin,40,0.2,0.480865224625624
677,solution2,sin,40,0.3,0.480865224625624
678,solution2,sin,40,0.4,0.480865224625624
679,solution2,sin,40,0.5,0.480865224625624
680,solution2,sin,40,0.6,0.480865224625624
681,solution2,sin,40,0.7,0.480865224625624
682,solution2,sin,40,0.8,0.480865224625624
683,solution2,sin,40,0.9,0.480865224625624
684,solution2,sin,50,0.1,0.480865224625624
685,solution2,sin,50,0.2,0.480865224625624
686,solution2,sin,50,0.3,0.480865224625624
687,solution2,sin,50,0.4,0.480865224625624
688,solution2,sin,50,0.5,0.480865224625624
689,solution2,sin,50,0.6,0.480865224625624
690,solution2,sin,50,0.7,0.480865224625624
691,solution2,sin,50,0.8,0.480865224625624
692,solution2,sin,50,0.9,0.480865224625624
693,solution2,sin,100,0.1,0.480865224625624
694,solution2,sin,100,0.2,0.480865224625624
695,solution2,sin,100,0.3,0.480865224625624
696,solution2,sin,100,0.4,0.480865224625624
697,solution2,sin,100,0.5,0.480865224625624
698,solution2,sin,100,0.6,0.480865224625624
699,solution2,sin,100,0.7,0.480865224625624
700,solution2,sin,100,0.8,0.480865224625624
701,solution2,sin,100,0.9,0.480865224625624
702,solution2,tanh,10,0.1,0.480865224625624
703,solution2,tanh,10,0.2,0.480865224625624
704,solution2,tanh,10,0.3,0.480865224625624
705,solution2,tanh,10,0.4,0.480865224625624
706,solution2,tanh,10,0.5,0.480865224625624
707,solution2,tanh,10,0.6,0.480865224625624
708,solution2,tanh,10,0.7,0.480865224625624
709,solution2,tanh,10,0.8,0.480865224625624
710,solution2,tanh,10,0.9,0.480865224625624
711,solution2,tanh,20,0.1,0.480865224625624
712,solution2,tanh,20,0.2,0.480865224625624
713,solution2,tanh,20,0.3,0.480865224625624
714,solution2,tanh,20,0.4,0.480865224625624
715,solution2,tanh,20,0.5,0.480865224625624
716,solution2,tanh,20,0.6,0.480865224625624
717,solution2,tanh,20,0.7,0.480865224625624
718,solution2,tanh,20,0.8,0.480865224625624
719,solution2,tanh,20,0.9,0.480865224625624
720,solution2,tanh,30,0.1,0.480865224625624
721,solution2,tanh,30,0.2,0.480865224625624
722,solution2,tanh,30,0.3,0.480865224625624
723,solution2,tanh,30,0.4,0.480865224625624
724,solution2,tanh,30,0.5,0.480865224625624
725,solution2,tanh,30,0.6,0.480865224625624
726,solution2,tanh,30,0.7,0.480865224625624
727,solution2,tanh,30,0.8,0.480865224625624
728,solution2,tanh,30,0.9,0.480865224625624
729,solution2,tanh,40,0.1,0.480865224625624
730,solution2,tanh,40,0.2,0.480865224625624
731,solution2,tanh,40,0.3,0.480865224625624
732,solution2,tanh,40,0.4,0.480865224625624
733,solution2,tanh,40,0.5,0.480865224625624
734,solution2,tanh,40,0.6,0.480865224625624
735,solution2,tanh,40,0.7,0.480865224625624
736,solution2,tanh,40,0.8,0.480865224625624
737,solution2,tanh,40,0.9,0.480865224625624
738,solution2,tanh,50,0.1,0.480865224625624
739,solution2,tanh,50,0.2,0.480865224625624
740,solution2,tanh,50,0.3,0.480865224625624
741,solution2,tanh,50,0.4,0.480865224625624
742,solution2,tanh,50,0.5,0.480865224625624
743,solution2,tanh,50,0.6,0.480865224625624
744,solution2,tanh,50,0.7,0.480865224625624
745,solution2,tanh,50,0.8,0.480865224625624
746,solution2,tanh,50,0.9,0.480865224625624
747,solution2,tanh,100,0.1,0.480865224625624
748,solution2,tanh,100,0.2,0.480865224625624
749,solution2,tanh,100,0.3,0.480865224625624
750,solution2,tanh,100,0.4,0.480865224625624
751,solution2,tanh,100,0.5,0.480865224625624
752,solution2,tanh,100,0.6,0.480865224625624
753,solution2,tanh,100,0.7,0.480865224625624
754,solution2,tanh,100,0.8,0.480865224625624
755,solution2,tanh,100,0.9,0.480865224625624
756,solution2,leaky_relu,10,0.1,0.480865224625624
757,solution2,leaky_relu,10,0.2,0.480865224625624
758,solution2,leaky_relu,10,0.3,0.480865224625624
759,solution2,leaky_relu,10,0.4,0.480865224625624
760,solution2,leaky_relu,10,0.5,0.480865224625624
761,solution2,leaky_relu,10,0.6,0.480865224625624
762,solution2,leaky_relu,10,0.7,0.480865224625624
763,solution2,leaky_relu,10,0.8,0.480865224625624
764,solution2,leaky_relu,10,0.9,0.480865224625624
765,solution2,leaky_relu,20,0.1,0.480865224625624
766,solution2,leaky_relu,20,0.2,0.480865224625624
767,solution2,leaky_relu,20,0.3,0.480865224625624
768,solution2,leaky_relu,20,0.4,0.480865224625624
769,solution2,leaky_relu,20,0.5,0.480865224625624
770,solution2,leaky_relu,20,0.6,0.480865224625624
771,solution2,leaky_relu,20,0.7,0.480865224625624
772,solution2,leaky_relu,20,0.8,0.480865224625624
773,solution2,leaky_relu,20,0.9,0.480865224625624
774,solution2,leaky_relu,30,0.1,0.480865224625624
775,solution2,leaky_relu,30,0.2,0.480865224625624
776,solution2,leaky_relu,30,0.3,0.480865224625624
777,solution2,leaky_relu,30,0.4,0.480865224625624
778,solution2,leaky_relu,30,0.5,0.480865224625624
779,solution2,leaky_relu,30,0.6,0.480865224625624
780,solution2,leaky_relu,30,0.7,0.480865224625624
781,solution2,leaky_relu,30,0.8,0.480865224625624
782,solution2,leaky_relu,30,0.9,0.480865224625624
783,solution2,leaky_relu,40,0.1,0.480865224625624
784,solution2,leaky_relu,40,0.2,0.480865224625624
785,solution2,leaky_relu,40,0.3,0.480865224625624
786,solution2,leaky_relu,40,0.4,0.480865224625624
787,solution2,leaky_relu,40,0.5,0.480865224625624
788,solution2,leaky_relu,40,0.6,0.480865224625624
789,solution2,leaky_relu,40,0.7,0.480865224625624
790,solution2,leaky_relu,40,0.8,0.480865224625624
791,solution2,leaky_relu,40,0.9,0.480865224625624
792,solution2,leaky_relu,50,0.1,0.480865224625624
793,solution2,leaky_relu,50,0.2,0.480865224625624
794,solution2,leaky_relu,50,0.3,0.480865224625624
795,solution2,leaky_relu,50,0.4,0.480865224625624
796,solution2,leaky_relu,50,0.5,0.480865224625624
797,solution2,leaky_relu,50,0.6,0.480865224625624
798,solution2,leaky_relu,50,0.7,0.480865224625624
799,solution2,leaky_relu,50,0.8,0.480865224625624
800,solution2,leaky_relu,50,0.9,0.480865224625624
801,solution2,leaky_relu,100,0.1,0.480865224625624
802,solution2,leaky_relu,100,0.2,0.480865224625624
803,solution2,leaky_relu,100,0.3,0.480865224625624
804,solution2,leaky_relu,100,0.4,0.480865224625624
805,solution2,leaky_relu,100,0.5,0.480865224625624
806,solution2,leaky_relu,100,0.6,0.480865224625624
807,solution2,leaky_relu,100,0.7,0.480865224625624
808,solution2,leaky_relu,100,0.8,0.480865224625624
809,solution2,leaky_relu,100,0.9,0.480865224625624
