,time,open,high,low,close,real_volume
0,2018-09-28,7.77,8.07,7.73,7.76,94411500
1,2018-10-01,7.8100000000000005,7.86,7.65,7.72,56189700
2,2018-10-02,8.09,8.39,8.05,8.39,126848000
3,2018-10-03,9.29,9.35,8.63,8.75,151327500
4,2018-10-04,8.62,9.02,8.54,8.83,98887200
5,2018-10-05,9.01,9.04,8.7,8.81,104276400
6,2018-10-08,9.91,9.92,9.47,9.78,187492600
7,2018-10-09,9.74,9.93,9.66,9.86,89555800
8,2018-10-10,9.68,9.7,9.43,9.58,82173400
9,2018-10-11,9.76,9.84,9.22,9.3,118801600
10,2018-10-15,9.52,9.61,9.4,9.48,92071300
11,2018-10-16,9.64,9.83,9.59,9.83,73579600
12,2018-10-17,9.72,9.79,9.66,9.73,80820500
13,2018-10-18,9.67,9.69,9.45,9.45,55966900
14,2018-10-19,9.62,9.67,9.46,9.53,61676900
15,2018-10-22,9.66,9.78,9.66,9.76,63337600
16,2018-10-23,9.62,9.74,9.49,9.64,77137100
17,2018-10-24,9.71,9.93,9.44,9.44,92815200
18,2018-10-25,9.63,9.8,9.45,9.68,79214600
19,2018-10-26,9.8,10.15,9.61,10.15,108577900
20,2018-10-29,10.57,10.57,9.55,9.72,160275800
21,2018-10-30,9.82,10.3,9.72,10.3,106681300
22,2018-10-31,10.39,10.42,10.04,10.16,83768200
23,2018-11-01,10.21,10.3,9.97,10.05,100395400
24,2018-11-05,10.11,10.36,10.08,10.36,60389900
25,2018-11-06,10.04,10.41,9.93,10.0,95344400
26,2018-11-07,10.15,10.17,9.66,9.67,95817000
27,2018-11-08,9.86,9.94,9.32,9.32,119095000
28,2018-11-09,9.27,9.46,9.08,9.36,94206400
29,2018-11-12,9.39,9.53,9.3,9.32,63162600
30,2018-11-13,9.31,9.31,8.81,8.91,112776300
31,2018-11-14,8.91,9.26,8.79,9.23,104423900
32,2018-11-16,9.34,9.58,9.26,9.49,100628800
33,2018-11-19,9.4,9.67,9.35,9.56,80823900
34,2018-11-21,9.23,9.37,9.2,9.26,77228100
35,2018-11-22,9.33,9.36,9.25,9.28,31253600
36,2018-11-23,9.1,9.15,8.86,8.99,77961200
37,2018-11-26,9.15,9.22,8.87,8.95,62111600
38,2018-11-27,8.99,9.48,8.96,9.42,90759000
39,2018-11-28,9.41,9.55,9.24,9.37,92811300
40,2018-11-29,9.21,9.41,9.18,9.29,65584300
41,2018-11-30,9.27,9.43,9.25,9.39,92017500
42,2018-12-03,9.7,9.79,9.52,9.57,92530000
43,2018-12-04,9.69,9.72,9.35,9.35,66867500
44,2018-12-05,9.4,9.49,9.21,9.43,54183300
45,2018-12-06,9.22,9.27,8.97,9.07,99037200
46,2018-12-07,9.05,9.4,9.02,9.14,87994700
47,2018-12-10,9.14,9.19,8.65,8.65,73871100
48,2018-12-11,8.83,8.88,8.51,8.59,64017600
49,2018-12-12,8.76,8.82,8.56,8.6,63296400
50,2018-12-13,8.59,8.65,8.47,8.62,61946100
51,2018-12-14,8.52,8.61,8.47,8.51,45231700
52,2018-12-17,8.57,8.59,8.41,8.44,53832000
53,2018-12-18,8.41,8.41,8.12,8.12,74740000
54,2018-12-19,8.3,8.51,8.14,8.21,171157500
55,2018-12-20,8.23,8.24,7.88,7.93,141767000
56,2018-12-21,7.9,8.11,7.84,7.95,90384300
57,2018-12-26,7.8100000000000005,8.23,7.75,8.23,77104200
58,2018-12-27,8.17,8.34,8.08,8.22,74083700
59,2018-12-28,8.39,8.66,8.38,8.61,61636800
60,2019-01-02,8.56,9.18,8.45,9.13,104534300
61,2019-01-03,9.09,9.42,9.03,9.35,95206400
62,2019-01-04,9.43,9.46,9.29,9.38,72119800
63,2019-01-07,9.43,9.84,9.37,9.53,122360000
64,2019-01-08,9.64,9.65,9.4,9.47,68761800
65,2019-01-09,9.6,9.68,9.54,9.67,70177600
66,2019-01-10,9.59,9.64,9.51,9.59,54763700
67,2019-01-11,9.54,9.56,9.43,9.48,53980700
68,2019-01-14,9.42,9.52,9.36,9.43,46577300
69,2019-01-15,9.42,9.53,9.37,9.42,53731500
70,2019-01-16,9.41,9.45,9.36,9.42,40424800
71,2019-01-17,9.39,9.6,9.37,9.55,50359400
72,2019-01-18,9.65,9.7,9.59,9.64,67021300
73,2019-01-21,9.6,9.69,9.52,9.69,45336500
74,2019-01-22,9.59,9.68,9.49,9.54,61307000
75,2019-01-23,9.61,9.69,9.55,9.65,52940900
76,2019-01-24,9.64,9.69,9.61,9.69,40109000
77,2019-01-28,9.6,9.69,9.39,9.4,65079900
78,2019-01-29,9.58,9.7,9.53,9.63,59419200
79,2019-01-30,9.79,9.84,9.67,9.72,62604800
80,2019-01-31,9.82,9.85,9.7,9.71,63253600
81,2019-02-01,9.68,9.81,9.63,9.79,47957300
82,2019-02-04,9.81,9.91,9.71,9.88,53873500
83,2019-02-05,9.83,9.9,9.79,9.89,41011900
84,2019-02-06,9.79,9.81,9.61,9.67,64527000
85,2019-02-07,9.71,9.81,9.36,9.52,55614100
86,2019-02-08,9.41,9.59,9.38,9.54,40153900
87,2019-02-11,9.55,9.55,9.31,9.43,39617300
88,2019-02-12,9.61,9.81,9.57,9.76,72467200
89,2019-02-13,9.87,9.95,9.81,9.89,69042200
90,2019-02-14,9.93,10.23,9.87,10.23,81125500
91,2019-02-15,10.19,10.25,10.14,10.19,63841700
92,2019-02-18,10.09,10.17,10.02,10.15,43379000
93,2019-02-19,10.19,10.4,10.19,10.39,58041900
94,2019-02-20,10.44,10.5,10.2,10.26,55114500
95,2019-02-21,10.31,10.43,10.18,10.4,46559400
96,2019-02-22,10.45,10.51,10.3,10.3,36602000
97,2019-02-25,10.25,10.26,10.11,10.13,54190800
98,2019-02-26,10.15,10.3,10.08,10.09,46504200
99,2019-02-27,10.19,10.34,10.11,10.28,49131400
100,2019-02-28,10.52,10.53,10.09,10.27,93065100
101,2019-03-01,10.3,10.34,10.11,10.13,41978700
102,2019-03-06,10.08,10.15,10.04,10.15,18423400
103,2019-03-07,10.17,10.21,10.05,10.16,32833900
104,2019-03-08,10.05,10.15,9.95,10.12,49564400
105,2019-03-11,10.25,10.54,10.25,10.53,66241900
106,2019-03-12,10.55,10.61,10.34,10.44,63824900
107,2019-03-13,10.47,10.67,10.44,10.66,60818300
108,2019-03-14,10.68,10.7,10.59,10.7,42499000
109,2019-03-15,10.69,10.77,10.67,10.72,60864500
110,2019-03-18,10.76,10.93,10.72,10.91,91627300
111,2019-03-19,10.95,11.19,10.85,11.08,69094100
112,2019-03-20,11.08,11.23,10.97,10.99,68214000
113,2019-03-21,10.94,10.99,10.6,10.84,79965000
114,2019-03-22,10.6,10.68,10.25,10.25,104034000
115,2019-03-25,10.18,10.47,10.18,10.37,104444500
116,2019-03-26,10.53,10.88,10.52,10.86,91205500
117,2019-03-27,10.71,10.71,10.37,10.37,64836800
118,2019-03-28,10.34,10.65,10.23,10.65,69192000
119,2019-03-29,10.8,10.83,10.53,10.65,51426800
120,2019-04-01,10.78,10.78,10.58,10.63,42009300
121,2019-04-02,10.68,10.74,10.57,10.74,37779600
122,2019-04-03,10.83,10.84,10.45,10.45,54760300
123,2019-04-04,10.54,10.8,10.39,10.8,52011600
124,2019-04-05,10.83,10.96,10.71,10.92,54469400
125,2019-04-08,11.03,11.15,11.0,11.1,54836800
126,2019-04-09,11.02,11.1,10.88,11.07,43710100
127,2019-04-10,11.21,11.22,10.92,10.92,61552600
128,2019-04-11,10.89,10.89,10.58,10.63,55912000
129,2019-04-12,10.04,10.23,9.7,9.8,225797500
130,2019-04-15,10.0,10.09,9.7,9.84,116774700
131,2019-04-16,9.85,10.27,9.73,10.14,94486200
132,2019-04-17,10.29,10.37,9.95,10.15,103570100
133,2019-04-18,10.38,10.58,10.34,10.47,99894800
134,2019-04-22,10.51,10.58,10.37,10.41,44824900
135,2019-04-23,10.52,10.63,10.5,10.5,51781800
136,2019-04-24,10.52,10.58,10.33,10.47,57546800
137,2019-04-25,10.42,10.65,10.41,10.55,54746200
138,2019-04-26,10.51,10.55,10.28,10.35,52432600
139,2019-04-29,10.46,10.49,10.38,10.39,27538500
140,2019-04-30,10.45,10.5,10.25,10.29,39268700
141,2019-05-02,10.18,10.18,10.07,10.15,37623400
142,2019-05-03,10.22,10.28,10.2,10.2,32877200
143,2019-05-06,10.02,10.17,10.01,10.17,31543800
144,2019-05-07,10.12,10.12,9.92,10.01,52185900
145,2019-05-08,9.99,10.43,9.98,10.39,71543000
146,2019-05-09,10.29,10.3,10.12,10.19,46503700
147,2019-05-10,10.2,10.22,10.03,10.13,33187000
148,2019-05-13,9.95,10.05,9.81,9.84,42751300
149,2019-05-14,9.94,9.96,9.82,9.87,34857900
150,2019-05-15,9.77,9.83,9.74,9.83,36689900
151,2019-05-16,9.79,9.89,9.58,9.6,46185600
152,2019-05-17,9.51,9.65,9.29,9.37,66818800
153,2019-05-20,9.37,9.69,9.36,9.69,54165400
154,2019-05-21,9.76,10.06,9.65,10.06,57627000
155,2019-05-22,10.03,10.08,9.89,10.02,48274200
156,2019-05-23,9.87,9.87,9.72,9.84,49290000
157,2019-05-24,9.96,10.04,9.88,9.94,35760800
158,2019-05-27,10.02,10.11,9.97,10.0,33736900
159,2019-05-28,9.95,10.21,9.95,10.21,60373800
160,2019-05-29,10.09,10.18,10.0,10.1,42961500
161,2019-05-30,10.1,10.23,9.9,9.96,71452500
162,2019-05-31,9.83,10.01,9.68,9.73,62909200
163,2019-06-03,9.86,10.03,9.85,9.9,53219000
164,2019-06-04,10.02,10.05,9.92,9.98,37053400
165,2019-06-05,9.97,10.02,9.74,9.85,65063300
166,2019-06-06,9.97,10.15,9.8,10.01,87109600
167,2019-06-07,10.17,10.22,10.05,10.19,51959100
168,2019-06-10,10.13,10.24,10.1,10.15,39527700
169,2019-06-11,10.24,10.4,10.18,10.35,52113600
170,2019-06-12,10.29,10.33,10.15,10.23,43274300
171,2019-06-13,10.34,10.43,10.32,10.35,48611300
172,2019-06-14,10.36,10.38,10.25,10.31,42620800
173,2019-06-17,10.32,10.45,10.27,10.33,48752000
174,2019-06-18,10.4,10.48,10.38,10.46,31198500
175,2019-06-19,10.42,10.51,10.37,10.48,32765200
176,2019-06-21,10.65,10.82,10.65,10.77,58278900
177,2019-06-24,10.79,10.81,10.71,10.76,27273800
178,2019-06-25,10.72,10.73,10.43,10.48,56178900
179,2019-06-26,10.5,10.64,10.48,10.54,48610900
180,2019-06-27,10.45,10.5,10.29,10.37,54921500
181,2019-06-28,10.46,10.52,10.33,10.44,39848200
182,2019-07-01,10.61,10.68,10.37,10.39,46452800
183,2019-07-02,10.39,10.39,10.15,10.22,57568500
184,2019-07-03,10.3,10.36,10.24,10.34,33819900
185,2019-07-04,10.43,10.51,10.41,10.43,28373800
186,2019-07-05,10.39,10.51,10.34,10.44,27303900
187,2019-07-08,10.48,10.56,10.45,10.53,24980200
188,2019-07-10,10.67,10.77,10.66,10.69,50554100
189,2019-07-11,10.74,10.86,10.73,10.82,48101100
190,2019-07-12,10.87,10.95,10.82,10.87,40583300
191,2019-07-15,10.89,10.91,10.74,10.74,36320500
192,2019-07-16,10.77,10.79,10.51,10.6,54585800
193,2019-07-17,10.66,10.67,10.53,10.55,28769100
194,2019-07-18,10.58,10.59,10.45,10.48,35486800
195,2019-07-19,10.48,10.51,10.43,10.45,28175900
196,2019-07-22,10.52,10.57,10.42,10.47,22104700
197,2019-07-23,10.48,10.53,10.44,10.48,21036500
198,2019-07-24,10.51,10.53,10.4,10.42,27806600
199,2019-07-25,10.46,10.48,10.21,10.24,26707900
200,2019-07-26,10.21,10.21,9.94,9.96,75142200
201,2019-07-29,9.99,10.07,9.89,10.05,26276100
202,2019-07-30,10.04,10.09,9.97,10.0,38013500
203,2019-07-31,10.05,10.1,9.91,9.94,39665200
204,2019-08-01,10.02,10.12,9.59,9.75,90929000
205,2019-08-02,10.05,10.24,10.01,10.1,63723100
206,2019-08-05,9.83,9.95,9.72,9.73,47732800
207,2019-08-06,9.87,9.99,9.78,9.86,43886600
208,2019-08-07,9.69,9.8,9.52,9.75,67437600
209,2019-08-08,9.94,10.04,9.85,10.04,50063300
210,2019-08-09,10.02,10.17,9.94,10.01,36414300
211,2019-08-12,9.87,9.87,9.73,9.77,35740700
212,2019-08-13,9.73,10.02,9.68,9.89,45139800
213,2019-08-14,9.69,9.73,9.5,9.56,53986900
214,2019-08-15,9.58,9.59,9.26,9.29,53311400
215,2019-08-16,9.48,9.5,9.16,9.17,55864400
216,2019-08-19,9.32,9.4,9.15,9.22,50502700
217,2019-08-20,9.17,9.28,9.08,9.21,36648600
218,2019-08-21,9.34,9.97,9.27,9.76,87259900
219,2019-08-22,9.78,9.86,9.65,9.67,40521000
220,2019-08-23,9.5,9.73,9.29,9.31,57794700
221,2019-08-26,9.43,9.46,9.12,9.19,38192400
222,2019-08-27,9.27,9.52,9.13,9.33,70231500
223,2019-08-28,9.28,9.47,9.25,9.43,41678900
224,2019-08-29,9.55,9.78,9.46,9.78,60651100
225,2019-08-30,9.79,9.85,9.65,9.78,54511500
226,2019-09-02,9.74,9.81,9.68,9.7,18951200
227,2019-09-03,9.63,9.84,9.6,9.82,47619400
228,2019-09-04,10.03,10.11,9.97,10.07,55997100
229,2019-09-05,10.2,10.27,10.1,10.12,48375100
230,2019-09-06,10.12,10.3,10.05,10.17,48333200
231,2019-09-09,10.26,10.36,10.24,10.33,37124200
232,2019-09-10,10.37,10.49,10.27,10.39,43963200
233,2019-09-11,10.49,10.49,10.29,10.3,51204500
234,2019-09-12,10.3,10.41,10.22,10.38,40662700
235,2019-09-13,10.4,10.43,10.29,10.31,24527600
236,2019-09-16,10.78,10.83,10.62,10.76,166967500
237,2019-09-17,10.61,10.64,10.42,10.62,67144400
238,2019-09-18,10.5,10.54,10.44,10.44,40144100
239,2019-09-19,10.67,10.68,10.44,10.47,41984200
240,2019-09-20,10.49,10.52,10.35,10.35,51584800
241,2019-09-23,10.35,10.54,10.32,10.54,32508200
242,2019-09-24,10.52,10.56,10.41,10.46,36534000
243,2019-09-25,10.37,10.49,10.27,10.48,28963400
244,2019-09-26,10.51,10.62,10.44,10.62,33466600
245,2019-09-27,10.57,10.72,10.55,10.61,31816500
246,2019-09-30,10.57,10.6,10.51,10.57,22984800
247,2019-10-01,10.58,10.63,10.49,10.55,32225700
248,2019-10-02,10.44,10.45,10.2,10.25,50903300
249,2019-10-03,10.26,10.28,10.08,10.25,45836000
250,2019-10-04,10.3,10.32,10.07,10.17,47661200
251,2019-10-07,10.11,10.2,10.01,10.04,26062800
252,2019-10-08,10.04,10.14,9.95,9.98,30144700
253,2019-10-09,10.11,10.24,10.03,10.17,34865500
254,2019-10-10,10.2,10.31,10.18,10.25,30706500
255,2019-10-11,10.33,10.49,10.33,10.45,36826400
256,2019-10-14,10.37,10.48,10.33,10.47,20672700
257,2019-10-15,10.47,10.69,10.47,10.58,30112700
258,2019-10-16,10.57,10.73,10.49,10.71,31312200
259,2019-10-17,10.71,10.74,10.58,10.61,31056600
260,2019-10-18,10.7,10.73,10.58,10.58,35736600
261,2019-10-21,10.64,10.67,10.58,10.65,43157300
262,2019-10-22,10.66,11.0,10.65,10.96,63738100
263,2019-10-23,10.94,11.15,10.91,11.1,45781200
264,2019-10-24,11.18,11.22,10.83,10.86,60372900
265,2019-10-25,11.2,11.33,11.13,11.22,74141700
266,2019-10-28,11.21,11.37,11.17,11.35,37249400
267,2019-10-29,11.27,11.48,11.22,11.44,49747500
268,2019-10-30,11.42,11.54,11.3,11.54,62686200
269,2019-10-31,11.45,11.68,11.37,11.65,66618500
270,2019-11-01,11.73,11.98,11.44,11.67,100848800
271,2019-11-04,11.85,11.97,11.49,11.64,81023400
272,2019-11-05,11.66,11.73,11.34,11.37,92980900
273,2019-11-06,11.52,11.77,10.78,11.39,154003100
274,2019-11-07,11.5,11.92,11.33,11.85,96324700
275,2019-11-08,11.68,11.81,11.48,11.51,61567700
276,2019-11-11,11.45,11.68,11.42,11.68,30570500
277,2019-11-12,11.59,11.8,11.57,11.58,41655600
278,2019-11-13,11.55,11.62,11.42,11.53,41827700
279,2019-11-14,11.52,11.61,11.29,11.3,44595200
280,2019-11-18,11.47,11.51,11.21,11.21,54468100
281,2019-11-19,11.28,11.37,11.08,11.1,33740200
282,2019-11-21,11.16,11.51,11.14,11.51,53033100
283,2019-11-22,11.48,11.7,11.4,11.56,34786000
284,2019-11-25,11.54,11.61,11.43,11.47,29868400
285,2019-11-26,11.42,11.47,11.22,11.26,54147800
286,2019-11-27,11.32,11.43,11.24,11.31,33072500
287,2019-11-28,11.31,11.39,11.11,11.39,46602800
288,2019-11-29,11.37,11.4,11.19,11.24,37699000
289,2019-12-02,11.34,11.38,11.21,11.21,31353600
290,2019-12-03,11.25,11.26,11.08,11.18,29194000
291,2019-12-04,11.28,11.44,11.23,11.44,44960000
292,2019-12-05,11.43,11.72,11.38,11.59,50447000
293,2019-12-06,11.63,11.8,11.62,11.7,44348600
294,2019-12-09,11.69,11.75,11.62,11.65,34694100
295,2019-12-10,11.61,11.74,11.53,11.74,27532700
296,2019-12-11,11.77,11.84,11.67,11.72,38458300
297,2019-12-12,11.82,11.97,11.75,11.94,47797800
298,2019-12-13,11.91,11.94,11.52,11.56,105004400
299,2019-12-16,11.59,11.64,11.34,11.34,68871000
300,2019-12-17,11.43,11.53,11.35,11.51,40679900
301,2019-12-18,11.47,11.79,11.45,11.78,64201600
302,2019-12-19,11.74,11.86,11.73,11.8,41696000
303,2019-12-20,11.8,11.8,11.58,11.67,93064900
304,2019-12-23,11.64,11.76,11.58,11.76,21970200
305,2019-12-26,11.8,11.93,11.76,11.92,24810500
306,2019-12-27,11.97,12.06,11.82,11.91,24995100
307,2019-12-30,11.92,11.98,11.76,11.77,22111600
308,2020-01-02,11.9,11.98,11.83,11.98,37774500
309,2020-01-03,12.05,12.19,11.88,11.88,71595600
310,2020-01-06,11.87,12.07,11.68,12.02,81844000
311,2020-01-07,12.02,12.05,11.89,11.97,32822000
312,2020-01-08,11.97,12.0,11.8,11.9,48215600
313,2020-01-09,11.89,11.95,11.8,11.86,36102700
314,2020-01-10,11.86,11.88,11.75,11.81,25397500
315,2020-01-13,11.84,11.87,11.79,11.83,30676800
316,2020-01-14,11.79,11.81,11.61,11.7,39796500
317,2020-01-15,11.67,11.68,11.52,11.53,34405700
318,2020-01-16,11.55,11.59,11.44,11.52,28997400
319,2020-01-17,11.6,11.65,11.52,11.65,34908000
320,2020-01-20,11.59,11.74,11.57,11.7,31241400
321,2020-01-21,11.63,11.68,11.53,11.56,28577400
322,2020-01-22,11.6,11.63,11.42,11.43,32491500
323,2020-01-23,11.35,11.61,11.24,11.55,54952100
324,2020-01-24,11.55,11.64,11.39,11.45,37386100
325,2020-01-27,11.19,11.19,10.81,10.95,66103800
326,2020-01-28,11.11,11.39,11.11,11.26,47259100
327,2020-01-29,11.33,11.36,11.2,11.27,42297500
328,2020-01-30,11.05,11.35,11.01,11.31,44266800
329,2020-01-31,11.19,11.27,11.06,11.12,55446700
330,2020-02-03,11.15,11.23,11.01,11.01,39452800
331,2020-02-04,11.2,11.35,11.16,11.19,57718400
332,2020-02-05,11.35,11.42,11.1,11.1,67994500
333,2020-02-06,11.22,11.53,10.99,11.4,126114000
334,2020-02-07,11.33,11.47,11.23,11.31,54524600
335,2020-02-10,11.29,11.38,11.19,11.38,45328100
336,2020-02-11,11.49,11.58,11.44,11.52,37518200
337,2020-02-12,11.58,11.83,11.58,11.78,64851000
338,2020-02-13,11.63,11.81,11.58,11.61,55277100
339,2020-02-14,11.67,11.71,11.47,11.5,30399900
340,2020-02-17,11.58,11.63,11.45,11.47,38684900
341,2020-02-18,11.36,11.63,11.31,11.63,33890900
342,2020-02-19,11.67,11.94,11.63,11.94,44181800
343,2020-02-20,12.04,12.07,11.63,11.69,73522900
344,2020-02-21,11.53,11.6,11.35,11.39,47805100
345,2020-02-26,10.57,10.7,10.17,10.24,89207100
346,2020-02-27,10.05,10.37,9.73,9.89,100110100
347,2020-02-28,9.83,9.99,9.62,9.9,89095300
348,2020-03-02,9.97,10.45,9.96,10.37,71596300
349,2020-03-03,10.38,10.74,10.07,10.18,86855700
350,2020-03-04,10.51,10.53,10.25,10.51,42320500
351,2020-03-05,10.29,10.42,9.66,9.88,69722300
352,2020-03-06,9.42,9.43,8.81,8.92,138597600
353,2020-03-09,6.96,7.12,6.02,6.27,252818600
354,2020-03-10,7.29,7.29,6.4,6.86,169491500
355,2020-03-11,6.53,6.6899999999999995,5.86,6.19,129760000
356,2020-03-12,5.34,5.42,4.33,4.92,149988500
357,2020-03-13,5.9,6.02,4.96,6.02,173046800
358,2020-03-16,5.05,5.51,4.9,5.12,125346000
359,2020-03-17,5.32,5.41,5.08,5.08,148051800
360,2020-03-18,4.61,4.8,4.25,4.41,161408100
361,2020-03-19,4.33,5.11,4.24,4.77,155410800
362,2020-03-20,5.12,5.28,4.62,4.6899999999999995,148237800
363,2020-03-23,4.73,4.76,4.41,4.49,106106400
364,2020-03-24,4.91,5.29,4.8,5.18,113403000
365,2020-03-25,5.17,5.78,5.01,5.6,157331500
366,2020-03-26,5.63,5.9399999999999995,5.4,5.62,129591700
367,2020-03-27,5.2,5.35,5.18,5.2,100330500
368,2020-03-30,5.14,5.37,5.01,5.23,110533100
369,2020-03-31,5.32,5.68,5.32,5.47,155314800
370,2020-04-01,5.26,5.6899999999999995,5.21,5.59,113484400
371,2020-04-02,6.02,6.47,5.87,6.06,233805800
372,2020-04-03,6.37,6.39,5.83,6.0,142008100
373,2020-04-06,6.27,6.29,5.93,6.16,122543200
374,2020-04-07,6.49,6.67,6.39,6.41,139719500
375,2020-04-08,6.46,6.85,6.41,6.77,114580500
376,2020-04-09,7.01,7.3,6.45,6.57,184868500
377,2020-04-13,6.57,6.68,6.38,6.62,93256500
378,2020-04-14,6.65,6.76,6.49,6.54,90489200
379,2020-04-15,6.27,6.44,6.2,6.4,86289800
380,2020-04-16,6.51,6.55,6.07,6.14,113215600
381,2020-04-17,6.16,6.3,6.08,6.3,116224800
382,2020-04-20,6.05,6.38,6.0,6.23,132867000
383,2020-04-22,6.19,6.55,6.17,6.55,114260100
384,2020-04-23,6.72,6.8100000000000005,6.5,6.62,94317800
385,2020-04-24,6.52,6.5600000000000005,5.97,6.23,160177100
386,2020-04-27,6.31,6.46,6.17,6.43,85572700
387,2020-04-28,6.66,6.74,6.5,6.74,91135200
388,2020-04-29,6.99,7.22,6.85,7.11,94046400
389,2020-04-30,7.03,7.2,6.92,7.05,79395500
390,2020-05-04,6.8100000000000005,6.89,6.71,6.79,59671300
391,2020-05-05,7.0,7.22,6.98,7.01,74531300
392,2020-05-06,6.98,7.06,6.75,6.75,66938500
393,2020-05-07,6.9399999999999995,6.98,6.78,6.82,80905000
394,2020-05-08,6.93,7.26,6.92,7.22,82592000
395,2020-05-11,7.15,7.4,7.08,7.09,64537800
396,2020-05-12,7.24,7.36,7.09,7.09,70454500
397,2020-05-13,7.14,7.17,6.85,6.87,86698900
398,2020-05-14,6.8,6.83,6.53,6.8,118694900
399,2020-05-15,7.03,7.11,6.7,6.7,132872000
400,2020-05-18,7.07,7.25,7.0,7.25,116002500
401,2020-05-19,7.23,7.4,7.19,7.3,79690300
402,2020-05-20,7.46,7.6,7.45,7.54,74119900
403,2020-05-21,7.62,7.73,7.45,7.5,80924000
404,2020-05-22,7.35,7.39,7.17,7.3,68842800
405,2020-05-25,7.61,7.64,7.53,7.61,37579800
406,2020-05-26,7.8100000000000005,7.85,7.55,7.6899999999999995,68280700
407,2020-05-27,7.74,7.79,7.48,7.79,74305600
408,2020-05-28,7.7,7.85,7.6,7.73,64397500
409,2020-05-29,7.64,7.95,7.54,7.95,127224200
410,2020-06-01,7.87,8.04,7.82,7.95,86102800
411,2020-06-02,8.11,8.36,8.05,8.36,76091600
412,2020-06-03,8.54,8.56,8.37,8.39,85618900
413,2020-06-04,8.36,8.51,8.22,8.38,106930600
414,2020-06-05,8.71,9.0,8.62,8.64,113411100
415,2020-06-08,8.81,8.83,8.6,8.8,81483200
416,2020-06-09,8.61,8.61,8.46,8.49,95479100
417,2020-06-10,8.55,8.56,8.21,8.36,102038300
418,2020-06-12,8.06,8.27,7.86,8.05,116292700
419,2020-06-15,7.74,8.24,7.64,8.09,99368100
420,2020-06-16,8.43,8.56,8.27,8.35,94174100
421,2020-06-17,8.39,8.54,8.27,8.38,62563100
422,2020-06-18,8.28,8.51,8.24,8.44,56615400
423,2020-06-19,8.6,8.68,8.29,8.39,90347500
424,2020-06-22,8.44,8.44,8.17,8.19,44564500
425,2020-06-23,8.29,8.63,8.26,8.46,78515800
426,2020-06-24,8.4,8.43,8.09,8.21,64931700
427,2020-06-25,8.17,8.39,8.1,8.39,46882800
428,2020-06-26,8.29,8.39,8.12,8.14,54467400
429,2020-06-29,8.25,8.46,8.18,8.46,59392900
430,2020-06-30,8.34,8.52,8.24,8.42,64520500
431,2020-07-01,8.5,8.7,8.41,8.48,78526000
432,2020-07-02,8.64,8.68,8.54,8.62,55971200
433,2020-07-03,8.58,8.67,8.52,8.59,23640600
434,2020-07-06,8.75,8.93,8.72,8.8,57602900
435,2020-07-07,8.73,8.78,8.65,8.69,46331400
436,2020-07-08,8.77,8.89,8.75,8.85,48726500
437,2020-07-09,8.9,8.91,8.62,8.65,56600800
438,2020-07-10,8.67,8.85,8.62,8.8,56923000
439,2020-07-13,8.84,8.85,8.66,8.66,54696000
440,2020-07-14,8.65,8.97,8.54,8.95,88800300
441,2020-07-15,9.07,9.16,8.93,9.12,58107800
442,2020-07-16,9.05,9.1,8.8,8.88,69009100
443,2020-07-17,8.92,9.0,8.82,8.89,49418800
444,2020-07-20,8.87,8.95,8.8,8.89,48365700
445,2020-07-21,9.05,9.22,9.04,9.13,101156900
446,2020-07-22,9.11,9.15,8.99,9.01,42831800
447,2020-07-23,9.05,9.08,8.81,8.82,63721900
448,2020-07-24,8.81,9.01,8.76,8.88,42775600
449,2020-07-27,8.94,9.09,8.77,9.07,56264900
450,2020-07-28,9.0,9.11,8.91,8.91,47674800
451,2020-07-29,9.0,9.09,8.96,9.06,43656500
452,2020-07-30,8.96,8.96,8.79,8.92,57402100
453,2020-07-31,8.96,9.04,8.66,8.68,74904100
454,2020-08-03,8.81,8.81,8.49,8.52,62839300
455,2020-08-04,8.39,8.62,8.3,8.51,62517000
456,2020-08-05,8.69,9.1,8.69,9.06,136721000
457,2020-08-06,9.1,9.2,8.99,9.07,56092200
458,2020-08-07,8.93,8.95,8.81,8.91,55685400
459,2020-08-10,8.95,9.16,8.85,9.16,52093800
460,2020-08-11,9.27,9.33,9.01,9.02,66049000
461,2020-08-12,9.13,9.25,9.02,9.18,66472600
462,2020-08-13,9.16,9.22,8.88,8.93,44083100
463,2020-08-14,8.9,8.98,8.8,8.86,38146700
464,2020-08-17,8.86,8.93,8.66,8.83,51694700
465,2020-08-18,8.96,9.08,8.9,9.0,49006700
466,2020-08-19,8.97,9.11,8.89,8.95,51571400
467,2020-08-20,8.8,8.94,8.73,8.88,54782900
468,2020-08-21,8.81,8.84,8.73,8.82,38238900
469,2020-08-24,8.93,9.04,8.91,8.98,51450200
470,2020-08-25,9.02,9.05,8.87,8.94,42303800
471,2020-08-26,8.9,8.95,8.61,8.68,69152900
472,2020-08-27,8.72,8.78,8.61,8.66,34933800
473,2020-08-28,8.7,8.81,8.62,8.81,30657700
474,2020-08-31,8.72,8.77,8.55,8.55,47680200
475,2020-09-01,8.68,8.95,8.64,8.94,65875100
476,2020-09-02,8.96,9.03,8.8,8.91,53146000
477,2020-09-03,8.84,9.04,8.82,8.94,87427600
478,2020-09-04,8.99,9.0,8.82,8.96,51907000
479,2020-09-08,8.79,8.79,8.56,8.7,74104000
480,2020-09-09,8.79,8.9,8.79,8.88,41878600
481,2020-09-10,8.82,8.82,8.64,8.64,57036600
482,2020-09-11,8.64,8.7,8.5,8.55,70477200
483,2020-09-14,8.57,8.59,8.38,8.47,45765900
484,2020-09-15,8.59,8.63,8.42,8.47,58189800
485,2020-09-16,8.54,8.59,8.44,8.49,50028700
486,2020-09-17,8.41,8.66,8.39,8.66,61911900
487,2020-09-18,8.59,8.66,8.42,8.46,63612700
488,2020-09-21,8.32,8.39,8.13,8.17,72733900
489,2020-09-22,8.19,8.34,8.11,8.13,46689800
490,2020-09-23,8.13,8.19,7.89,7.91,56396300
491,2020-09-24,7.93,8.09,7.84,7.97,76033500
492,2020-09-25,7.87,7.92,7.77,7.87,39913500
493,2020-09-28,7.95,8.04,7.67,7.67,48198300
494,2020-09-29,7.67,7.76,7.52,7.55,52487400
495,2020-09-30,7.62,7.83,7.59,7.66,68790800
496,2020-10-01,7.68,7.84,7.48,7.76,76064500
497,2020-10-02,7.71,7.71,7.43,7.43,83732400
498,2020-10-05,7.57,7.88,7.52,7.83,72633800
499,2020-10-06,8.0,8.09,7.79,7.79,76272200
500,2020-10-07,7.82,7.84,7.64,7.73,52972500
501,2020-10-08,7.83,8.05,7.76,7.99,77718500
502,2020-10-09,7.95,7.97,7.74,7.74,67290200
503,2020-10-13,7.78,7.87,7.71,7.87,54825900
504,2020-10-14,7.85,7.96,7.8,7.8,43909700
505,2020-10-15,7.67,7.73,7.6,7.72,56247400
506,2020-10-16,7.6899999999999995,7.7,7.55,7.55,49142500
507,2020-10-19,7.59,7.79,7.52,7.63,107219900
508,2020-10-20,7.6899999999999995,7.92,7.66,7.89,68008500
509,2020-10-21,7.88,7.95,7.75,7.88,60195500
510,2020-10-22,7.86,8.14,7.84,8.14,98359400
511,2020-10-23,8.18,8.26,8.03,8.04,61328500
512,2020-10-26,7.95,8.02,7.83,7.91,57573100
513,2020-10-27,7.92,7.96,7.74,7.77,47473400
514,2020-10-28,7.5600000000000005,7.6,7.3,7.3,78431300
515,2020-10-29,7.2,7.57,6.93,7.54,85502000
516,2020-10-30,7.48,7.64,7.37,7.4,63575300
517,2020-11-03,7.62,7.78,7.55,7.68,66292400
518,2020-11-04,7.82,7.84,7.53,7.71,65777600
519,2020-11-05,7.8,7.8100000000000005,7.71,7.77,40874800
520,2020-11-06,7.64,7.8,7.64,7.72,37273300
521,2020-11-09,8.25,8.87,8.22,8.45,164904100
522,2020-11-10,8.55,9.05,8.52,9.02,163732600
523,2020-11-11,9.13,9.13,8.75,8.94,93072900
524,2020-11-12,8.89,8.92,8.51,8.56,77275000
525,2020-11-13,8.61,8.91,8.55,8.84,66065200
526,2020-11-16,9.07,9.23,9.04,9.1,101633300
527,2020-11-17,9.01,9.43,8.98,9.26,94082100
528,2020-11-18,9.38,9.43,9.2,9.2,68540400
529,2020-11-19,9.2,9.36,9.13,9.31,65382100
530,2020-11-20,9.32,9.38,9.17,9.24,38137600
531,2020-11-23,9.4,9.81,9.4,9.81,127649000
532,2020-11-24,10.02,10.42,10.02,10.25,153293500
533,2020-11-25,10.24,10.36,10.03,10.26,75650800
534,2020-11-26,10.14,10.14,9.99,10.09,41935900
535,2020-11-27,10.13,10.18,9.95,9.97,49863500
536,2020-11-30,9.87,10.11,9.71,9.73,90207700
537,2020-12-01,9.93,10.07,9.88,10.0,58866000
538,2020-12-02,10.0,10.36,9.9,10.13,88093300
539,2020-12-03,10.22,10.51,10.18,10.41,62424200
540,2020-12-04,10.63,10.77,10.58,10.76,61652400
541,2020-12-07,10.66,10.86,10.42,10.55,72664200
542,2020-12-08,10.48,10.61,10.34,10.42,46276700
543,2020-12-09,10.41,10.54,10.32,10.53,52448300
544,2020-12-10,10.63,11.02,10.6,10.87,97537100
545,2020-12-11,10.74,10.88,10.66,10.77,48334300
546,2020-12-14,10.95,11.05,10.79,10.79,53159500
547,2020-12-15,10.86,10.94,10.8,10.88,47208200
548,2020-12-16,10.88,11.04,10.74,11.02,59399200
549,2020-12-17,11.06,11.1,10.97,11.04,39297700
550,2020-12-18,10.98,11.07,10.95,10.98,44707900
551,2020-12-21,10.63,10.74,10.36,10.56,99988800
552,2020-12-22,10.63,10.74,10.57,10.66,46513200
553,2020-12-23,10.72,11.04,10.69,10.92,49038900
554,2020-12-28,11.08,11.15,11.01,11.01,36313300
555,2020-12-29,11.09,11.11,10.94,11.05,29891100
556,2020-12-30,11.08,11.13,11.02,11.08,36968200
557,2021-01-04,11.2,11.4,11.15,11.3,74719700
558,2021-01-05,11.29,11.79,11.04,11.74,95181100
559,2021-01-06,11.79,12.08,11.74,11.75,96562500
560,2021-01-07,11.86,12.17,11.86,12.12,56171300
561,2021-01-08,12.29,12.41,11.86,12.16,67136300
562,2021-01-11,11.96,12.14,11.88,12.06,52896700
563,2021-01-12,12.16,12.33,11.97,11.97,65691900
564,2021-01-13,11.99,12.06,11.33,11.39,93826600
565,2021-01-14,11.4,11.6,11.22,11.51,50745400
566,2021-01-15,11.35,11.36,10.95,10.99,80673300
567,2021-01-18,11.06,11.27,10.95,10.97,68855700
568,2021-01-19,11.13,11.28,10.8,11.21,61656000
569,2021-01-20,11.31,11.38,10.99,11.02,60306200
570,2021-01-21,10.95,11.1,10.75,10.77,41284900
571,2021-01-22,10.52,10.65,10.38,10.59,51181900
572,2021-01-26,10.65,10.93,10.48,10.55,64514600
573,2021-01-27,10.48,11.01,10.37,10.7,68337800
574,2021-01-28,10.68,11.12,10.67,10.85,67827000
575,2021-01-29,10.76,10.82,10.43,10.43,67555300
576,2021-02-01,10.65,10.82,10.49,10.76,44449500
577,2021-02-02,11.1,11.39,11.02,11.2,91663000
578,2021-02-03,11.33,11.39,11.2,11.27,52240800
579,2021-02-04,11.27,11.33,11.02,11.26,41444100
580,2021-02-05,11.33,11.76,11.07,11.34,121757400
581,2021-02-08,11.14,11.45,10.86,10.99,98821700
582,2021-02-09,10.96,11.09,10.7,10.76,63662200
583,2021-02-10,10.84,10.96,10.6,10.86,52949900
584,2021-02-11,11.0,11.14,10.89,10.97,61158600
585,2021-02-12,10.87,11.13,10.79,11.11,47801100
586,2021-02-17,11.15,11.57,10.99,11.56,54973400
587,2021-02-18,11.87,12.08,11.35,11.44,105539200
588,2021-02-19,10.95,11.13,10.62,10.68,216222200
589,2021-02-22,8.91,9.07,8.36,8.38,491030200
590,2021-02-23,9.01,9.48,8.88,9.4,295403100
591,2021-02-24,9.59,9.77,9.38,9.54,155246400
592,2021-02-25,9.77,9.87,9.03,9.06,170233000
593,2021-02-26,9.07,9.15,8.59,8.69,160131000
594,2021-03-01,8.91,9.0,8.57,8.6,90330100
595,2021-03-02,8.54,8.73,8.08,8.59,147772300
596,2021-03-03,8.52,8.55,8.0,8.28,185688500
597,2021-03-04,8.32,8.75,8.25,8.68,127843200
598,2021-03-05,8.77,9.07,8.71,8.75,126306300
599,2021-03-08,8.57,8.71,8.19,8.25,141142800
600,2021-03-09,8.35,8.58,8.15,8.44,122648000
601,2021-03-10,8.57,8.73,8.43,8.73,111744100
602,2021-03-11,8.84,9.18,8.84,9.1,130577500
603,2021-03-12,9.05,9.14,8.93,9.06,68123200
604,2021-03-15,9.03,9.25,9.03,9.24,67541300
605,2021-03-16,9.23,9.25,9.08,9.1,43116200
606,2021-03-17,9.04,9.43,9.03,9.41,77629300
607,2021-03-18,9.33,9.34,9.02,9.08,76651800
608,2021-03-19,9.09,9.4,9.06,9.38,89619900
609,2021-03-22,9.26,9.29,9.08,9.19,43730900
610,2021-03-23,9.06,9.23,8.91,8.91,56425900
611,2021-03-24,9.06,9.2,8.92,8.92,62209500
612,2021-03-25,8.87,9.11,8.66,9.07,78839800
613,2021-03-26,9.18,9.33,9.03,9.17,60631800
614,2021-03-29,9.12,9.31,9.1,9.31,49670900
615,2021-03-30,9.24,9.38,9.21,9.31,40703300
616,2021-03-31,9.3,9.47,9.29,9.42,68266700
617,2021-04-01,9.49,9.53,9.29,9.34,46754100
618,2021-04-05,9.43,9.46,9.25,9.4,40178900
619,2021-04-06,9.45,9.52,9.34,9.39,45508400
620,2021-04-07,9.36,9.51,9.35,9.38,55068500
621,2021-04-08,9.37,9.4,9.13,9.26,62739100
622,2021-04-09,9.18,9.29,9.13,9.24,46820500
623,2021-04-12,9.36,9.52,9.29,9.34,50143300
624,2021-04-13,9.37,9.42,9.26,9.37,52780600
625,2021-04-14,9.46,9.61,9.37,9.52,90286200
626,2021-04-15,9.57,9.63,9.3,9.33,63513500
627,2021-04-16,9.34,9.39,9.21,9.27,59150700
628,2021-04-19,9.27,10.05,9.2,9.81,194997500
629,2021-04-20,9.83,9.93,9.6,9.62,93935900
630,2021-04-22,9.75,9.77,9.55,9.58,46186100
631,2021-04-23,9.65,9.67,9.5,9.57,59817700
632,2021-04-26,9.63,9.71,9.54,9.61,33017500
633,2021-04-27,9.62,9.76,9.33,9.33,75803200
634,2021-04-28,9.45,9.73,9.44,9.67,65861100
635,2021-04-29,9.74,9.81,9.46,9.54,49200500
636,2021-04-30,9.45,9.67,9.4,9.54,60379700
637,2021-05-03,9.61,9.62,9.41,9.46,47970600
638,2021-05-04,9.51,9.55,9.24,9.25,43705000
639,2021-05-05,9.36,9.67,9.34,9.63,75377300
640,2021-05-06,9.58,9.63,9.45,9.49,53646000
641,2021-05-07,9.55,9.88,9.48,9.85,73691000
642,2021-05-10,10.02,10.09,9.93,9.98,73594200
643,2021-05-11,9.87,10.17,9.82,10.16,73355200
644,2021-05-12,10.08,10.31,9.97,10.01,89346200
645,2021-05-13,10.0,10.14,9.87,10.09,76723900
646,2021-05-14,10.42,10.66,10.32,10.62,194973700
647,2021-05-17,10.62,10.77,10.58,10.77,82937500
648,2021-05-18,10.79,10.83,10.61,10.64,62023800
649,2021-05-19,10.44,10.64,10.42,10.56,84509300
650,2021-05-20,10.56,10.62,10.39,10.47,70987600
651,2021-05-21,10.53,10.63,10.48,10.48,82835700
652,2021-05-24,10.62,10.71,10.5,10.66,62784900
653,2021-05-25,10.7,10.75,10.41,10.44,63206400
654,2021-05-26,10.47,10.58,10.36,10.54,46252000
655,2021-05-27,10.53,10.6,10.41,10.47,48450100
656,2021-05-28,10.58,10.91,10.56,10.9,128991900
657,2021-05-31,10.89,10.99,10.82,10.85,46031300
658,2021-06-01,11.07,11.19,10.91,11.02,90018200
659,2021-06-02,11.05,11.34,11.01,11.33,100476900
660,2021-06-04,11.33,11.56,11.28,11.51,102398400
661,2021-06-07,11.51,11.53,11.31,11.43,74026100
662,2021-06-08,11.38,11.63,11.29,11.58,88138200
663,2021-06-09,11.6,11.75,11.52,11.58,60370100
664,2021-06-10,11.65,11.73,11.54,11.58,35660200
665,2021-06-11,11.63,11.65,11.42,11.54,54778000
666,2021-06-14,11.67,11.86,11.56,11.61,64040200
667,2021-06-15,11.7,11.74,11.56,11.73,42302800
668,2021-06-16,11.75,11.83,11.62,11.77,76799000
669,2021-06-17,11.72,11.79,11.27,11.36,94481900
670,2021-06-18,11.31,11.48,11.16,11.44,114058600
671,2021-06-21,11.47,11.71,11.47,11.69,50412800
672,2021-06-22,11.71,11.82,11.58,11.75,41436800
673,2021-06-23,11.82,11.92,11.71,11.84,57108000
674,2021-06-24,11.91,11.98,11.8,11.98,51139500
675,2021-06-25,11.99,12.03,11.69,11.75,84491400
676,2021-06-28,11.79,11.82,11.58,11.73,40163600
677,2021-06-29,11.75,11.79,11.61,11.79,43097700
678,2021-06-30,11.73,11.94,11.68,11.89,70912600
679,2021-07-01,12.01,12.07,11.68,11.74,64861900
680,2021-07-02,11.84,11.87,11.61,11.79,37220500
681,2021-07-05,11.72,11.78,11.46,11.65,55757300
682,2021-07-06,11.59,11.63,11.18,11.18,97035400
683,2021-07-07,11.37,11.37,11.07,11.33,73364500
684,2021-07-08,11.07,11.18,11.02,11.1,80200100
685,2021-07-12,11.14,11.22,11.02,11.2,52411700
686,2021-07-13,11.13,11.3,11.06,11.27,41201300
687,2021-07-14,11.35,11.39,11.12,11.18,51396600
688,2021-07-15,11.1,11.16,10.87,10.94,67607200
689,2021-07-16,11.0,11.06,10.74,10.78,67461300
690,2021-07-19,10.49,10.68,10.45,10.6,82255300
691,2021-07-20,10.58,10.88,10.46,10.74,63094600
692,2021-07-21,10.82,11.0,10.74,10.89,50123800
693,2021-07-22,10.91,11.0,10.79,10.87,37427800
694,2021-07-23,10.95,10.97,10.78,10.8,33771100
695,2021-07-26,10.8,11.1,10.79,11.1,46397400
696,2021-07-27,11.05,11.07,10.87,10.97,51657100
697,2021-07-28,11.08,11.27,10.99,11.19,46578000
698,2021-07-29,11.23,11.28,11.11,11.23,43599300
699,2021-07-30,11.15,11.24,10.84,10.87,73599300
700,2021-08-02,10.99,11.07,10.65,10.67,70038500
701,2021-08-03,10.65,10.85,10.42,10.85,71526700
702,2021-08-04,10.72,10.81,10.48,10.62,87584700
703,2021-08-05,11.61,11.71,11.33,11.45,222989400
704,2021-08-06,11.51,11.53,11.32,11.47,50795800
705,2021-08-09,11.29,11.4,11.18,11.39,75027900
706,2021-08-10,11.43,11.63,11.41,11.42,84020600
707,2021-08-11,11.37,11.71,11.3,11.58,97606100
708,2021-08-12,11.58,11.79,11.51,11.75,94924000
709,2021-08-13,11.74,11.96,11.72,11.86,84744500
710,2021-08-16,11.79,11.81,11.41,11.57,100685200
711,2021-08-17,11.49,11.83,11.32,11.57,92955200
712,2021-08-18,11.57,11.69,11.41,11.47,85278600
713,2021-08-19,11.24,11.5,11.18,11.4,80252000
714,2021-08-20,11.3,11.4,11.2,11.38,84938300
715,2021-08-23,11.53,11.69,11.46,11.56,70404500
716,2021-08-24,11.68,11.83,11.66,11.8,49604200
717,2021-08-25,11.83,11.91,11.72,11.87,45925300
718,2021-08-26,11.8,11.93,11.76,11.77,40644500
719,2021-08-27,11.86,12.19,11.84,12.19,76095600
720,2021-08-30,12.15,12.29,12.09,12.11,60857400
721,2021-08-31,12.07,12.08,11.55,11.64,109914400
722,2021-09-01,11.69,11.7,11.27,11.57,69059900
723,2021-09-02,11.56,11.71,11.32,11.38,55501400
724,2021-09-03,11.41,11.46,11.17,11.27,57371100
725,2021-09-06,11.22,11.43,11.19,11.32,26295400
726,2021-09-08,11.25,11.28,10.61,10.69,79424600
727,2021-09-09,10.73,11.08,10.33,10.91,154708100
728,2021-09-10,11.14,11.19,10.84,10.85,78023700
729,2021-09-13,11.04,11.29,10.97,11.23,63014100
730,2021-09-14,11.11,11.23,11.01,11.08,65213000
731,2021-09-15,11.13,11.32,11.07,11.27,66928000
732,2021-09-16,11.16,11.23,10.92,11.17,65185800
733,2021-09-17,11.11,11.14,10.6,10.67,128315300
734,2021-09-20,10.31,10.55,10.18,10.55,79827200
735,2021-09-21,10.73,10.82,10.5,10.79,64349300
736,2021-09-22,10.93,11.22,10.92,11.06,69951500
737,2021-09-23,11.11,11.53,11.09,11.49,83860700
738,2021-09-24,11.36,11.58,11.33,11.51,44585500
739,2021-09-27,11.62,11.75,11.34,11.62,88965800
740,2021-09-28,11.64,11.94,11.44,11.54,117496300
741,2021-09-29,11.65,11.78,11.48,11.72,58554100
742,2021-09-30,11.78,11.8,11.63,11.65,65448700
743,2021-10-01,11.61,11.98,11.59,11.98,60610000
744,2021-10-04,11.88,12.33,11.86,12.32,106564500
745,2021-10-05,12.41,12.61,12.37,12.59,99460000
746,2021-10-06,12.39,12.48,12.18,12.26,84203000
747,2021-10-07,12.28,12.4,12.09,12.24,60190700
748,2021-10-08,12.41,12.67,12.29,12.46,85338600
749,2021-10-11,12.63,12.78,12.48,12.55,79031100
750,2021-10-13,12.48,12.71,12.45,12.68,55430900
751,2021-10-14,12.78,12.93,12.63,12.7,75908400
752,2021-10-15,12.75,12.77,12.63,12.67,71603100
753,2021-10-18,12.58,12.69,12.41,12.6,68745900
754,2021-10-19,12.51,12.55,11.92,11.99,111002700
755,2021-10-20,12.1,12.33,11.96,12.16,55255700
756,2021-10-21,11.92,12.06,11.52,11.75,100964100
757,2021-10-22,11.6,11.88,11.03,11.63,138155100
758,2021-10-25,11.88,12.54,11.83,12.43,135256700
759,2021-10-26,12.33,12.51,12.24,12.31,57540500
760,2021-10-27,12.34,12.44,12.18,12.28,57270700
761,2021-10-28,12.21,12.52,12.09,12.39,87347900
762,2021-10-29,12.47,12.49,11.54,11.66,155326400
763,2021-11-01,11.86,12.12,11.71,11.98,101814500
764,2021-11-03,11.86,11.92,11.47,11.49,82355400
765,2021-11-04,11.56,11.66,11.06,11.13,91973600
766,2021-11-05,11.25,11.36,11.03,11.06,85791600
767,2021-11-08,11.05,11.41,11.01,11.18,59704100
768,2021-11-09,11.21,11.53,11.21,11.4,73021700
769,2021-11-10,11.38,11.53,11.2,11.31,68176300
770,2021-11-11,11.5,11.5,11.23,11.32,60848900
771,2021-11-12,11.26,11.62,11.13,11.55,85962500
772,2021-11-16,11.67,11.8,11.4,11.67,60978200
773,2021-11-17,11.72,11.74,11.34,11.38,82106800
774,2021-11-18,11.42,11.45,11.15,11.36,63993000
775,2021-11-19,11.17,11.25,11.03,11.17,84860400
776,2021-11-22,11.26,11.61,11.25,11.28,59195200
777,2021-11-23,11.39,12.01,11.34,11.9,108382300
778,2021-11-24,11.89,12.17,11.77,12.14,64263300
779,2021-11-25,12.43,12.75,12.22,12.68,104052200
780,2021-11-26,12.15,12.48,12.01,12.18,108868000
781,2021-11-29,12.57,12.76,12.33,12.61,84672200
782,2021-11-30,12.54,12.69,12.35,12.6,129384600
783,2021-12-01,12.77,13.13,12.62,12.67,135798600
784,2021-12-02,12.9,13.62,12.52,13.55,191410300
785,2021-12-03,13.61,13.83,13.49,13.75,105133000
786,2021-12-06,13.75,13.99,13.71,13.81,66142300
787,2021-12-07,13.99,14.13,13.76,14.03,100114300
788,2021-12-08,14.03,14.37,13.97,14.03,71167700
789,2021-12-09,13.91,14.09,13.76,14.0,67668200
790,2021-12-10,14.1,14.39,14.09,14.17,38517500
791,2021-12-13,14.18,14.36,14.0,14.08,45448700
792,2021-12-14,14.15,14.27,13.86,13.92,56833800
793,2021-12-15,13.91,14.0,13.66,14.0,55085100
794,2021-12-16,14.16,14.33,14.1,14.19,56545700
795,2021-12-17,14.01,14.17,13.75,13.86,93230800
796,2021-12-20,13.59,13.64,13.23,13.46,106282500
797,2021-12-21,13.64,13.73,13.44,13.48,40454500
798,2021-12-22,13.57,13.57,13.37,13.46,33734500
799,2021-12-23,13.54,13.58,13.45,13.54,28713600
800,2021-12-27,13.54,13.75,13.45,13.74,44227900
801,2021-12-28,13.86,13.99,13.72,13.75,30688100
802,2021-12-29,13.72,13.81,13.58,13.64,35508400
803,2021-12-30,13.64,13.72,13.57,13.6,43229100
804,2022-01-03,13.64,13.97,13.64,13.9,52704700
805,2022-01-04,13.94,14.05,13.82,13.96,51739200
806,2022-01-05,13.95,13.99,13.35,13.42,78459800
807,2022-01-06,13.52,13.69,13.31,13.41,61163100
808,2022-01-07,13.43,13.52,13.3,13.47,47507600
809,2022-01-10,13.38,13.5,13.25,13.39,37455200
810,2022-01-11,13.43,13.89,13.31,13.78,73623800
811,2022-01-12,13.84,14.29,13.84,14.2,81378200
812,2022-01-13,14.11,14.64,14.1,14.49,76717500
813,2022-01-14,14.47,15.1,14.45,15.03,96458800
814,2022-01-17,15.01,15.2,14.94,15.05,35675900
815,2022-01-18,15.08,15.28,14.8,15.12,78198800
816,2022-01-19,15.25,15.39,15.03,15.05,78460200
817,2022-01-20,15.05,15.29,14.87,15.16,85353100
818,2022-01-21,15.09,15.24,15.07,15.18,60384100
819,2022-01-24,15.15,15.41,14.83,15.27,79117100
820,2022-01-25,15.15,15.88,15.09,15.77,98358500
821,2022-01-26,15.92,16.38,15.92,16.19,102679900
822,2022-01-27,16.37,16.56,15.85,16.19,90631000
823,2022-01-28,16.15,16.42,15.39,15.55,119400500
824,2022-01-31,15.53,15.77,15.33,15.46,62450300
825,2022-02-01,15.46,15.92,15.27,15.77,57315200
826,2022-02-02,15.97,16.01,15.47,15.54,36271700
827,2022-02-03,15.46,15.73,15.11,15.33,51087800
828,2022-02-04,15.49,15.88,15.24,15.59,59346800
829,2022-02-07,15.56,15.67,15.36,15.37,48868100
830,2022-02-08,15.25,15.27,14.94,15.21,62590000
831,2022-02-09,15.17,15.62,15.13,15.27,50960500
832,2022-02-10,15.44,15.72,15.27,15.5,49534600
833,2022-02-11,15.66,16.21,15.59,16.13,88013400
834,2022-02-14,16.18,16.22,15.69,15.77,55687000
835,2022-02-15,15.61,15.62,15.24,15.52,65689000
836,2022-02-16,15.69,16.11,15.66,15.74,65811600
837,2022-02-17,15.7,15.91,15.56,15.68,43255200
838,2022-02-18,15.57,15.81,15.42,15.77,58653300
839,2022-02-21,15.8,16.25,15.77,16.18,51263800
840,2022-02-22,16.35,16.57,15.87,16.13,80206700
841,2022-02-23,16.34,16.54,16.15,16.35,86530100
842,2022-02-24,16.63,16.87,15.62,15.96,139674100
843,2022-02-25,15.99,16.25,15.72,16.25,86459100
844,2022-03-02,16.85,16.87,16.44,16.57,58071800
845,2022-03-03,16.64,16.69,16.33,16.36,69237400
846,2022-03-04,16.29,16.57,16.16,16.36,55418000
847,2022-03-07,16.49,16.54,15.12,15.2,110954100
848,2022-03-08,15.29,15.76,15.06,15.51,111633500
849,2022-03-09,15.58,15.69,15.17,15.56,87779300
850,2022-03-10,15.58,16.54,15.54,16.11,136437700
851,2022-03-11,16.21,16.43,15.33,15.53,92153700
852,2022-03-14,15.5,15.72,15.06,15.23,52126100
853,2022-03-15,14.88,15.07,14.56,14.86,66027700
854,2022-03-16,15.05,15.07,14.51,14.73,71597800
855,2022-03-17,14.94,15.01,14.1,14.34,177812100
856,2022-03-18,14.38,14.73,14.27,14.63,92538600
857,2022-03-21,14.77,15.34,14.64,15.18,67445700
858,2022-03-22,15.29,15.34,14.98,15.11,55950200
859,2022-03-23,15.26,15.52,15.15,15.32,52770900
860,2022-03-24,15.32,15.58,15.14,15.49,48854400
861,2022-03-25,15.37,15.56,15.26,15.44,51631700
862,2022-03-28,15.32,15.33,14.81,15.1,67710300
863,2022-03-29,15.36,15.66,15.26,15.44,93643600
864,2022-03-30,15.53,15.77,15.48,15.77,69293000
865,2022-03-31,15.57,16.04,15.53,15.99,94024100
866,2022-04-01,16.03,16.15,15.73,15.78,72283700
867,2022-04-04,15.72,15.72,15.41,15.63,55976200
868,2022-04-05,15.61,15.8,15.48,15.48,45378200
869,2022-04-06,15.58,15.67,15.31,15.47,56799800
870,2022-04-07,15.6,16.28,15.53,16.27,118124700
871,2022-04-08,16.28,16.45,16.18,16.35,60907000
872,2022-04-11,16.2,16.3,16.14,16.23,47994900
873,2022-04-12,16.44,16.57,16.15,16.18,67824000
874,2022-04-13,16.43,16.63,16.3,16.52,100793800
875,2022-04-14,16.5,16.74,16.27,16.33,118439600
876,2022-04-18,16.27,16.39,15.91,16.04,76057100
877,2022-04-19,16.27,16.71,16.25,16.52,88289000
878,2022-04-20,16.52,16.68,16.36,16.6,34549100
879,2022-04-22,16.21,16.34,15.83,15.96,74296700
880,2022-04-25,15.65,15.89,15.42,15.72,66219200
881,2022-04-26,15.72,15.97,15.61,15.69,48601500
882,2022-04-27,15.86,15.96,15.64,15.69,41582300
883,2022-04-28,15.9,15.99,15.79,15.8,43123200
884,2022-04-29,16.05,16.49,15.81,15.81,75905900
885,2022-05-02,15.75,15.84,15.31,15.65,72243800
886,2022-05-03,15.73,15.87,15.57,15.79,52277700
887,2022-05-04,15.98,16.8,15.87,16.74,108923000
888,2022-05-05,16.61,16.97,16.2,16.71,98722000
889,2022-05-06,17.07,17.29,16.66,17.26,129319100
890,2022-05-09,17.07,17.25,16.74,16.79,91489600
891,2022-05-10,16.9,17.15,16.81,16.94,60233600
892,2022-05-11,17.11,17.7,17.07,17.53,108539800
893,2022-05-12,17.37,17.79,17.37,17.66,114034500
894,2022-05-13,17.8,17.98,17.7,17.89,66840400
895,2022-05-16,17.88,18.21,17.76,18.07,91889700
896,2022-05-17,18.27,18.35,17.82,17.83,90432500
897,2022-05-18,17.85,18.04,17.45,17.54,80789700
898,2022-05-19,17.5,17.9,17.4,17.84,63719600
899,2022-05-20,18.06,18.18,17.88,18.18,77941500
900,2022-05-23,18.37,18.96,18.35,18.9,92718200
901,2022-05-24,18.12,18.63,17.83,18.35,153497100
902,2022-05-25,18.41,18.74,18.15,18.61,69817000
903,2022-05-26,18.59,18.91,18.55,18.66,78084400
904,2022-05-27,18.67,18.67,17.75,17.77,117499600
905,2022-05-30,17.91,17.93,16.91,17.41,97715000
906,2022-05-31,17.66,17.78,17.31,17.46,83280400
907,2022-06-01,17.36,17.61,17.33,17.43,46022100
908,2022-06-02,17.4,17.45,17.16,17.28,50251300
909,2022-06-03,17.25,17.68,17.15,17.58,60200400
910,2022-06-06,17.71,17.73,17.37,17.59,38952200
911,2022-06-07,17.53,18.18,17.51,17.8,79944300
912,2022-06-08,17.66,18.09,17.61,17.72,65723800
913,2022-06-09,17.72,17.8,17.41,17.46,53700900
914,2022-06-10,17.43,17.43,16.87,17.22,62632100
915,2022-06-13,16.85,17.18,16.65,17.0,64360500
916,2022-06-14,17.22,17.57,16.98,17.19,68566500
917,2022-06-15,17.42,17.43,16.75,16.89,72192000
918,2022-06-17,16.36,16.52,15.17,15.86,183265500
919,2022-06-20,15.11,16.4,15.05,16.04,92328100
920,2022-06-21,16.14,16.35,15.5,15.72,84684300
921,2022-06-22,15.43,16.0,15.32,15.67,57649700
922,2022-06-23,15.67,15.9,15.17,15.38,68918000
923,2022-06-24,15.54,15.73,15.2,15.27,53087400
924,2022-06-27,15.57,16.3,15.48,16.25,90057300
925,2022-06-28,16.6,16.74,16.27,16.45,51991400
926,2022-06-29,16.54,16.74,16.17,16.31,51269100
927,2022-06-30,16.06,16.29,15.91,16.22,49620500
928,2022-07-01,16.31,16.75,15.98,16.57,64804500
929,2022-07-04,16.57,17.0,16.57,16.92,37136300
930,2022-07-05,16.78,16.81,16.0,16.28,78211900
931,2022-07-06,16.35,16.54,15.63,16.07,57181300
932,2022-07-07,16.26,16.79,16.26,16.54,52037300
933,2022-07-08,16.57,16.82,16.47,16.72,42801300
934,2022-07-11,16.45,16.72,16.4,16.64,39392200
935,2022-07-12,16.43,16.51,16.24,16.39,46309700
936,2022-07-13,16.33,16.54,16.25,16.4,35313200
937,2022-07-14,16.26,16.26,15.82,15.96,46879200
938,2022-07-15,16.09,16.29,15.96,16.24,37779100
939,2022-07-18,16.49,16.66,16.43,16.61,46613800
940,2022-07-19,16.58,16.98,16.49,16.94,48223700
941,2022-07-20,16.88,16.97,16.74,16.94,43384300
942,2022-07-21,16.83,16.92,16.38,16.85,58683600
943,2022-07-22,16.86,17.11,16.75,17.03,55554500
944,2022-07-25,17.19,17.86,17.19,17.83,78678100
945,2022-07-26,18.12,18.36,17.76,18.01,78129900
946,2022-07-27,18.18,18.27,17.78,18.2,55889500
947,2022-07-28,18.34,18.95,18.25,18.75,113619900
948,2022-07-29,19.51,20.13,19.06,19.83,181431200
949,2022-08-01,19.74,19.83,19.29,19.56,81093900
950,2022-08-02,19.61,20.03,19.44,19.64,68730600
951,2022-08-03,19.75,19.84,19.49,19.67,65546700
952,2022-08-04,19.79,19.98,19.5,19.87,53950400
953,2022-08-05,19.83,20.36,19.81,20.25,77557900
954,2022-08-08,20.41,21.35,20.4,21.27,109005600
955,2022-08-09,21.49,21.75,21.4,21.62,78064000
956,2022-08-10,21.86,21.86,21.26,21.55,77379500
957,2022-08-11,21.75,21.99,21.05,21.05,127296200
958,2022-08-12,20.71,22.65,20.69,22.56,170711400
959,2022-08-15,21.97,22.93,21.74,22.57,96722800
960,2022-08-16,22.57,22.82,22.41,22.78,64015000
961,2022-08-17,22.52,23.35,22.48,23.31,72587900
962,2022-08-18,23.55,23.95,23.39,23.78,84063000
963,2022-08-19,23.42,23.59,22.29,22.58,124266100
964,2022-08-22,22.58,23.18,21.69,23.06,92049700
965,2022-08-23,23.22,23.84,23.21,23.79,72903200
966,2022-08-24,23.87,24.28,23.66,23.94,60670300
967,2022-08-25,24.26,24.45,23.25,23.68,99214200
968,2022-08-26,23.68,23.96,23.18,23.94,63335100
969,2022-08-29,23.87,24.96,23.8,24.53,72914500
970,2022-08-30,24.19,24.35,22.96,23.08,98286300
971,2022-08-31,22.82,23.79,22.64,23.64,113976000
972,2022-09-01,23.74,24.16,23.31,24.09,68756700
973,2022-09-02,24.51,24.6,23.67,23.78,81579000
974,2022-09-05,24.09,24.27,23.59,23.72,77699100
975,2022-09-06,22.96,23.19,22.42,22.84,111163800
976,2022-09-08,22.99,23.32,22.34,22.63,62878700
977,2022-09-09,23.12,23.25,22.56,22.62,49488400
978,2022-09-12,22.88,23.29,22.39,22.47,71029800
979,2022-09-13,22.02,22.37,21.72,21.81,87983400
980,2022-09-14,21.88,22.36,21.79,22.14,48807000
981,2022-09-15,22.0,22.22,21.92,22.1,45273400
982,2022-09-16,21.96,22.02,21.59,21.9,106177600
983,2022-09-19,21.7,22.33,21.26,22.25,65077000
984,2022-09-20,22.36,22.48,21.94,22.12,67062600
985,2022-09-21,22.31,22.39,21.98,22.18,58249000
986,2022-09-22,22.4,22.83,22.08,22.73,69488700
987,2022-09-23,22.29,22.34,21.18,21.3,138438500
988,2022-09-26,21.15,21.4,20.78,20.96,79420700
989,2022-09-27,21.28,21.49,21.0,21.11,70821700
990,2022-09-28,21.11,21.22,20.34,20.83,104270600
991,2022-09-29,20.63,20.92,20.35,20.86,87316600
992,2022-09-30,20.79,21.7,20.63,21.2,121098300
993,2022-10-03,22.71,23.22,22.53,22.9,177579000
994,2022-10-04,23.41,23.47,22.11,22.32,115437200
995,2022-10-05,22.35,23.35,22.2,23.16,91971800
996,2022-10-06,23.48,24.04,23.08,23.95,82058800
997,2022-10-07,23.89,24.42,23.64,23.93,72701500
998,2022-10-10,23.94,24.11,23.48,23.66,51814400
999,2022-10-11,23.4,23.72,23.2,23.48,58031100
1000,2022-10-13,23.13,24.54,23.06,24.15,90841000
1001,2022-10-14,24.17,24.29,23.69,23.78,61926100
1002,2022-10-17,23.65,24.3,23.37,23.76,100617400
1003,2022-10-18,24.12,24.36,23.59,24.34,81207100
1004,2022-10-19,24.29,25.3,24.21,25.2,114010900
1005,2022-10-20,25.69,26.01,25.45,25.95,113783300
1006,2022-10-21,25.94,27.32,25.89,26.84,138716100
1007,2022-10-24,25.97,26.2,24.36,24.37,141545900
1008,2022-10-25,24.22,24.55,23.63,23.86,112285100
1009,2022-10-26,23.2,23.86,22.7,23.27,121644600
1010,2022-10-27,23.35,23.87,23.25,23.45,110143700
1011,2022-10-28,23.27,23.57,22.67,23.18,128499800
1012,2022-10-31,21.78,22.48,20.75,21.21,263088400
1013,2022-11-01,21.75,21.82,21.03,21.25,114888300
1014,2022-11-03,21.2,21.62,20.95,21.31,137787400
1015,2022-11-04,21.92,21.99,20.05,20.14,194337100
1016,2022-11-07,19.89,20.14,19.26,19.32,117206600
1017,2022-11-08,19.25,19.59,19.03,19.46,94745400
1018,2022-11-09,19.32,19.89,18.96,19.14,103303500
1019,2022-11-10,18.56,19.13,18.22,18.59,145470100
1020,2022-11-11,18.36,19.47,18.29,19.2,146365800
1021,2022-11-14,19.4,20.05,19.28,19.71,66639500
1022,2022-11-16,19.79,20.0,19.16,19.32,85549900
1023,2022-11-17,19.21,19.43,18.89,19.33,103925800
1024,2022-11-18,19.5,19.64,18.66,19.0,127175600
1025,2022-11-21,19.3,19.62,18.54,19.06,164898100
1026,2022-11-22,18.63,18.98,18.07,18.9,164261300
1027,2022-11-23,18.63,19.16,18.47,18.99,77317300
1028,2022-11-24,19.05,19.95,18.84,19.65,94233800
1029,2022-11-25,19.65,19.71,19.12,19.33,58635900
1030,2022-11-28,19.16,19.89,19.07,19.73,56067400
1031,2022-11-29,19.93,20.97,19.83,20.56,96151500
1032,2022-11-30,20.74,21.6,20.66,21.6,120774700
1033,2022-12-01,21.53,21.7,20.71,20.73,71259400
1034,2022-12-02,20.81,21.43,20.5,20.99,66301000
1035,2022-12-05,21.06,21.53,20.7,20.76,56065400
1036,2022-12-06,20.92,21.38,20.59,20.77,74991200
1037,2022-12-07,20.53,21.12,20.47,20.54,57008400
1038,2022-12-08,20.7,20.89,19.96,20.08,55567700
1039,2022-12-09,20.25,20.29,19.84,20.02,61586200
1040,2022-12-12,19.91,19.98,18.74,19.37,111293100
1041,2022-12-13,19.52,19.61,18.88,18.89,102533100
1042,2022-12-14,18.23,18.31,16.83,17.39,323501600
1043,2022-12-15,17.01,18.12,16.88,17.86,132385600
1044,2022-12-16,17.79,17.91,17.43,17.86,89835200
1045,2022-12-19,17.9,18.24,17.53,18.13,63074100
1046,2022-12-20,18.14,18.83,17.99,18.69,71875500
1047,2022-12-21,19.04,19.22,18.51,19.09,74252800
1048,2022-12-22,19.36,19.9,19.2,19.44,81894800
1049,2022-12-23,19.55,20.43,19.55,20.35,68387900
1050,2022-12-26,20.35,20.5,20.11,20.2,28765200
1051,2022-12-27,20.46,20.5,19.89,20.34,50803200
1052,2022-12-28,20.33,20.51,20.05,20.09,57293500
1053,2022-12-29,20.25,20.29,19.79,19.85,57901800
1054,2023-01-02,19.07,19.29,18.47,18.57,78424700
1055,2023-01-03,18.58,18.71,17.93,18.1,96750300
1056,2023-01-04,17.79,19.12,17.69,18.67,129504000
1057,2023-01-05,18.91,19.48,18.75,19.35,73886000
1058,2023-01-06,19.39,19.7,19.08,19.23,51851500
1059,2023-01-09,19.04,19.44,18.84,19.34,46385200
1060,2023-01-10,19.4,19.53,18.93,19.52,53156600
1061,2023-01-11,19.56,19.95,19.48,19.67,53536500
1062,2023-01-12,19.68,19.97,19.53,19.95,58130000
1063,2023-01-13,19.8,19.98,19.65,19.91,40002700
1064,2023-01-16,19.78,19.85,19.31,19.48,31973700
1065,2023-01-17,19.53,20.76,19.53,20.67,91797500
1066,2023-01-18,20.93,21.09,20.25,20.31,69692900
1067,2023-01-19,20.25,21.02,20.08,20.93,78478300
1068,2023-01-20,20.97,21.55,20.59,21.36,113606800
1069,2023-01-23,21.28,22.36,21.17,21.7,87678100
1070,2023-01-24,22.25,22.3,21.36,21.55,65794000
1071,2023-01-25,21.51,21.94,21.07,21.83,51832900
1072,2023-01-26,21.95,22.04,20.9,21.23,74344800
1073,2023-01-27,21.21,21.25,20.61,20.76,47681900
1074,2023-01-30,20.94,21.12,20.67,20.86,40683200
1075,2023-01-31,20.76,21.23,20.67,21.12,54048900
1076,2023-02-01,21.12,21.45,20.62,20.83,56349200
1077,2023-02-02,20.67,20.91,19.78,19.86,83823000
1078,2023-02-03,19.88,20.56,19.78,20.08,71170700
1079,2023-02-06,20.15,20.96,20.05,20.89,82794500
1080,2023-02-07,20.99,21.18,20.63,20.76,55311800
1081,2023-02-08,20.9,21.19,20.71,21.1,48713100
1082,2023-02-09,21.1,21.32,20.89,21.01,38198300
1083,2023-02-10,21.05,21.7,21.01,21.65,54683100
1084,2023-02-13,21.62,21.78,21.36,21.71,36726900
1085,2023-02-14,21.75,21.92,21.55,21.63,35839000
1086,2023-02-15,21.53,21.71,21.31,21.66,72554100
1087,2023-02-16,21.55,21.83,21.46,21.75,44115700
1088,2023-02-17,21.61,21.61,21.36,21.42,60410000
1089,2023-02-22,21.06,21.15,20.81,20.87,38608500
1090,2023-02-23,20.88,21.7,20.88,21.51,73913400
1091,2023-02-24,21.61,21.63,20.96,21.04,65480200
1092,2023-02-27,20.93,21.66,20.91,21.19,76250600
1093,2023-02-28,21.23,21.81,20.45,20.45,130248100
1094,2023-03-01,20.5,20.6,19.6,20.5,109257700
1095,2023-03-02,20.59,20.8,19.74,19.96,124516200
1096,2023-03-03,20.12,20.85,19.81,20.82,87591800
1097,2023-03-06,20.82,21.16,20.55,21.03,50243200
1098,2023-03-07,20.84,20.89,20.2,20.33,59052500
1099,2023-03-08,20.38,21.0,20.36,20.59,66220400
1100,2023-03-09,20.54,21.25,20.48,20.5,68042300
1101,2023-03-10,20.38,20.72,20.2,20.24,48118600
1102,2023-03-13,19.89,20.14,19.52,19.6,58323200
1103,2023-03-14,19.67,20.03,19.12,19.25,58543000
1104,2023-03-15,18.9,19.02,18.47,18.91,93208300
1105,2023-03-16,18.96,19.05,18.61,18.84,67104800
1106,2023-03-17,18.71,19.05,18.52,19.05,91793300
1107,2023-03-20,19.05,19.16,18.54,18.58,57210500
1108,2023-03-21,18.8,19.12,18.7,18.96,43298700
1109,2023-03-22,18.95,19.14,18.67,18.9,46384300
1110,2023-03-23,18.93,19.18,18.3,18.47,74319100
1111,2023-03-24,18.4,18.74,18.21,18.46,51892700
1112,2023-03-27,18.72,18.92,18.5,18.78,39018600
1113,2023-03-28,18.81,19.15,18.75,19.11,28872900
1114,2023-03-29,19.21,19.48,19.01,19.36,48955700
1115,2023-03-30,19.65,19.67,19.18,19.42,55943100
1116,2023-03-31,19.44,19.62,18.8,19.0,59636300
1117,2023-04-03,19.52,19.85,19.28,19.84,73531900
1118,2023-04-04,19.95,20.06,19.52,19.66,57318200
1119,2023-04-05,19.6,19.87,18.85,19.73,93476800
1120,2023-04-06,19.72,19.78,19.4,19.44,29352000
1121,2023-04-10,19.47,19.98,19.47,19.86,41395800
1122,2023-04-11,20.01,20.82,19.95,20.79,80224100
1123,2023-04-12,21.05,21.19,20.4,20.94,71451500
1124,2023-04-13,20.94,21.14,20.9,21.09,38751300
1125,2023-04-14,20.9,21.39,20.84,21.31,38187200
1126,2023-04-17,21.26,21.71,21.23,21.64,49274600
1127,2023-04-18,21.64,22.38,21.48,22.19,99279800
1128,2023-04-19,22.0,22.12,21.43,21.48,72888000
1129,2023-04-20,21.48,21.86,21.3,21.62,54299300
1130,2023-04-24,21.55,22.08,21.47,22.04,43700900
1131,2023-04-25,22.0,22.28,21.65,21.95,53637900
1132,2023-04-26,21.97,22.05,21.67,21.67,39876900
1133,2023-04-27,21.75,22.02,20.99,21.14,115096700
1134,2023-04-28,21.45,21.86,21.04,21.54,80808800
1135,2023-05-02,21.54,21.58,20.58,20.67,67556900
1136,2023-05-03,20.54,20.89,20.38,20.59,50965500
1137,2023-05-04,20.8,21.25,20.55,20.92,57772200
1138,2023-05-05,21.18,21.97,21.07,21.81,83124700
1139,2023-05-08,22.22,22.38,22.0,22.28,59179200
1140,2023-05-09,22.18,22.54,22.03,22.35,33712700
1141,2023-05-10,22.35,22.56,22.11,22.29,42361300
1142,2023-05-11,21.93,23.16,21.75,23.11,136305900
1143,2023-05-12,23.25,24.3,23.16,23.86,117050200
1144,2023-05-15,23.68,23.77,23.08,23.32,81864400
1145,2023-05-16,23.73,24.57,23.7,23.9,117199600
1146,2023-05-17,24.18,24.32,23.18,23.32,106826400
1147,2023-05-18,23.26,23.49,23.04,23.46,62821200
1148,2023-05-19,23.7,23.79,23.3,23.56,68080900
1149,2023-05-22,23.52,23.64,23.18,23.28,37756200
1150,2023-05-23,23.31,24.02,23.19,23.86,57844100
1151,2023-05-24,23.86,24.45,23.68,24.22,54639300
1152,2023-05-25,24.36,24.39,23.8,24.04,49026400
1153,2023-05-26,24.37,24.46,24.11,24.36,39809900
1154,2023-05-29,24.31,24.38,24.14,24.26,17917700
1155,2023-05-30,24.28,24.36,23.87,23.98,45649600
1156,2023-05-31,23.88,23.96,23.51,23.74,48878300
1157,2023-06-01,23.9,24.54,23.78,24.5,62971000
1158,2023-06-02,24.93,25.08,24.64,24.7,39684100
1159,2023-06-05,25.03,25.05,24.75,24.97,39007800
1160,2023-06-06,24.95,25.67,24.73,25.49,75238300
1161,2023-06-07,26.04,26.41,25.84,26.24,82728400
1162,2023-06-09,26.45,27.62,26.37,27.52,79437600
1163,2023-06-12,27.47,28.16,27.3,28.0,118828100
1164,2023-06-13,28.22,28.22,27.59,27.85,78942800
1165,2023-06-14,27.93,29.05,27.87,29.05,97889200
1166,2023-06-15,29.14,29.77,28.26,28.36,120304000
1167,2023-06-16,28.21,28.87,28.02,28.6,94337700
1168,2023-06-19,28.59,29.39,28.52,29.36,34453100
1169,2023-06-20,29.24,29.67,28.85,29.5,55465600
1170,2023-06-21,29.85,30.88,29.77,30.74,89088500
1171,2023-06-22,30.36,30.58,29.99,30.35,42910400
1172,2023-06-23,30.11,30.19,28.84,29.1,75657400
1173,2023-06-26,29.07,29.96,29.07,29.76,53460400
1174,2023-06-27,29.85,30.11,29.28,29.53,48276600
1175,2023-06-28,29.51,30.09,29.48,29.81,36675600
1176,2023-06-29,29.92,30.03,29.68,29.94,31767000
1177,2023-06-30,29.92,29.99,28.29,28.5,103741800
1178,2023-07-03,28.68,29.12,28.68,29.03,31181800
1179,2023-07-04,28.91,29.33,28.91,29.09,18203000
1180,2023-07-05,29.1,29.48,28.62,29.06,53460300
1181,2023-07-06,28.81,28.95,28.13,28.61,47555900
1182,2023-07-07,28.72,29.14,28.33,28.47,55194300
1183,2023-07-10,28.09,28.63,27.99,28.52,25386300
1184,2023-07-11,28.5,28.5,27.99,28.13,40587800
1185,2023-07-12,28.18,28.73,28.12,28.15,39971100
1186,2023-07-13,28.05,28.68,28.02,28.59,35741200
1187,2023-07-14,28.47,28.54,27.85,28.03,34183200
1188,2023-07-17,27.42,28.07,26.97,27.98,52040500
1189,2023-07-18,27.99,28.18,27.71,27.82,37000300
1190,2023-07-19,27.8,28.11,27.57,28.08,46397000
1191,2023-07-20,28.05,28.32,27.87,28.11,33598400
1192,2023-07-21,28.13,28.81,28.11,28.64,51458500
1193,2023-07-24,28.76,29.35,28.72,29.24,45095800
1194,2023-07-25,29.43,29.96,29.14,29.92,56186000
1195,2023-07-26,29.87,30.13,29.56,29.92,45656400
1196,2023-07-27,29.77,29.81,28.35,28.36,85962700
1197,2023-07-28,28.4,28.9,28.29,28.72,43454200
1198,2023-07-31,29.24,30.06,29.24,30.02,90927200
1199,2023-08-01,30.0,30.0,28.9,29.53,75634100
1200,2023-08-02,29.44,29.51,28.76,29.46,61557600
1201,2023-08-03,29.85,30.04,29.55,29.84,57042600
1202,2023-08-04,29.63,30.05,28.7,28.95,120374300
1203,2023-08-07,28.81,29.43,28.81,29.13,44776600
1204,2023-08-08,28.86,29.33,28.68,29.16,34691500
1205,2023-08-09,29.15,29.64,29.1,29.39,48449600
1206,2023-08-10,29.24,29.78,29.07,29.56,53207900
1207,2023-08-11,29.54,29.95,29.1,29.49,39290400
1208,2023-08-14,29.41,29.66,29.21,29.57,27845100
1209,2023-08-15,30.93,31.02,29.77,29.78,87100800
1210,2023-08-16,29.92,30.86,29.8,30.44,74208800
1211,2023-08-17,30.64,31.06,30.21,30.34,57375400
1212,2023-08-18,30.31,30.57,30.09,30.42,45156300
1213,2023-08-21,30.59,30.91,29.89,30.2,41889800
1214,2023-08-22,30.5,30.61,30.24,30.61,31149000
1215,2023-08-23,31.2,32.24,31.09,32.24,94939900
1216,2023-08-24,32.27,32.72,31.84,32.19,49235600
1217,2023-08-25,32.38,32.47,31.8,31.97,33989200
1218,2023-08-28,32.1,32.34,31.86,32.33,24891700
1219,2023-08-29,32.4,32.5,31.99,32.4,40464800
1220,2023-08-30,32.41,32.7,32.3,32.62,34565700
1221,2023-08-31,32.71,32.79,31.88,31.94,48815600
1222,2023-09-01,32.21,32.69,31.96,32.63,49981500
1223,2023-09-04,32.68,32.72,32.21,32.29,21565400
1224,2023-09-05,32.27,33.49,32.22,33.37,74911400
1225,2023-09-06,33.35,33.8,33.22,33.52,57660500
1226,2023-09-08,33.48,33.67,33.26,33.4,38825400
1227,2023-09-11,33.47,33.69,33.33,33.37,30205700
1228,2023-09-12,33.55,33.78,33.49,33.53,31864400
1229,2023-09-13,33.65,33.7,33.03,33.03,47454100
1230,2023-09-14,33.1,34.0,33.1,33.87,46426600
1231,2023-09-15,33.87,33.99,33.61,33.89,54122400
1232,2023-09-18,34.0,34.71,33.85,34.13,52272200
1233,2023-09-19,34.21,34.62,34.07,34.21,43114100
1234,2023-09-20,34.15,34.61,34.01,34.29,38954700
1235,2023-09-21,34.0,34.29,33.63,33.76,59995900
1236,2023-09-22,34.02,34.19,33.81,34.03,30938700
1237,2023-09-25,33.95,34.33,33.93,34.25,26652000
1238,2023-09-26,34.0,34.09,33.46,33.46,60540200
1239,2023-09-27,33.86,34.52,33.78,34.52,53540300
1240,2023-09-28,34.45,34.54,34.21,34.43,30765000
